Local Time,City,Country code,timezone,AQI,CO,NO2,O3,PM10,PM25,SO2,UTC Time
2024-11-29 00:00:00,Hanoi,VN,Asia/Ho_Chi_Minh,153,131.1,15.3,42.7,68.8,55.0,61.7,2024-11-28T17:00:00
2024-11-29 01:00:00,Hanoi,VN,Asia/Ho_Chi_Minh,152,133.1,16.0,37.0,71.3,57.0,53.0,2024-11-28T18:00:00
2024-11-29 02:00:00,Hanoi,VN,Asia/Ho_Chi_Minh,168,133.6,15.7,35.0,86.3,69.0,49.3,2024-11-28T19:00:00
2024-11-29 03:00:00,Hanoi,VN,Asia/Ho_Chi_Minh,171,134.2,15.3,33.0,88.8,71.0,45.7,2024-11-28T20:00:00
2024-11-29 04:00:00,Hanoi,VN,Asia/Ho_Chi_Minh,152,134.8,15.0,31.0,71.3,57.0,42.0,2024-11-28T21:00:00
2024-11-29 05:00:00,Hanoi,VN,Asia/Ho_Chi_Minh,156,143.4,15.7,33.0,74.6,59.67,48.0,2024-11-28T22:00:00
2024-11-29 06:00:00,Hanoi,VN,Asia/Ho_Chi_Minh,157,151.9,16.3,35.0,76.3,61.0,54.0,2024-11-28T23:00:00
2024-11-29 07:00:00,Hanoi,VN,Asia/Ho_Chi_Minh,163,160.5,17.0,37.0,81.3,65.0,60.0,2024-11-29T00:00:00
2024-11-29 08:00:00,Hanoi,VN,Asia/Ho_Chi_Minh,160,142.4,14.0,55.0,78.8,63.0,75.0,2024-11-29T01:00:00
2024-11-29 09:00:00,Hanoi,VN,Asia/Ho_Chi_Minh,160,124.3,11.0,73.0,78.8,63.0,90.0,2024-11-29T02:00:00
2024-11-29 10:00:00,Hanoi,VN,Asia/Ho_Chi_Minh,61,106.2,8.0,91.0,17.0,17.0,105.0,2024-11-29T03:00:00
2024-11-29 11:00:00,Hanoi,VN,Asia/Ho_Chi_Minh,118,98.8,7.0,101.3,52.5,42.0,101.3,2024-11-29T04:00:00
2024-11-29 12:00:00,Hanoi,VN,Asia/Ho_Chi_Minh,102,91.4,6.0,111.7,45.0,36.0,97.7,2024-11-29T05:00:00
2024-11-29 13:00:00,Hanoi,VN,Asia/Ho_Chi_Minh,87,84.0,5.0,122.0,36.3,29.0,94.0,2024-11-29T06:00:00
2024-11-29 14:00:00,Hanoi,VN,Asia/Ho_Chi_Minh,91,10.0,8.0,4.0,38.8,31.0,14.0,2024-11-29T07:00:00
2024-11-29 15:00:00,Hanoi,VN,Asia/Ho_Chi_Minh,87,83.3,7.0,124.0,36.3,29.0,94.0,2024-11-29T08:00:00
2024-11-29 16:00:00,Hanoi,VN,Asia/Ho_Chi_Minh,196,82.9,8.0,125.0,91.0,90.0,94.0,2024-11-29T09:00:00
2024-11-29 17:00:00,Hanoi,VN,Asia/Ho_Chi_Minh,91,125.9,17.0,102.7,38.8,31.0,99.3,2024-11-29T10:00:00
2024-11-29 18:00:00,Hanoi,VN,Asia/Ho_Chi_Minh,91,168.9,26.0,80.3,38.8,31.0,104.7,2024-11-29T11:00:00
2024-11-29 19:00:00,Hanoi,VN,Asia/Ho_Chi_Minh,171,211.8,35.0,58.0,88.8,71.0,110.0,2024-11-29T12:00:00
2024-11-29 20:00:00,Hanoi,VN,Asia/Ho_Chi_Minh,189,211.5,34.0,52.3,106.3,85.0,103.3,2024-11-29T13:00:00
2024-11-29 21:00:00,Hanoi,VN,Asia/Ho_Chi_Minh,192,211.1,33.0,46.7,108.8,87.0,96.7,2024-11-29T14:00:00
2024-11-29 22:00:00,Hanoi,VN,Asia/Ho_Chi_Minh,201,210.7,32.0,41.0,96.0,94.0,90.0,2024-11-29T15:00:00
2024-11-29 23:00:00,Hanoi,VN,Asia/Ho_Chi_Minh,195,200.0,30.0,39.7,111.3,89.0,82.3,2024-11-29T16:00:00
2024-11-30 00:00:00,Hanoi,VN,Asia/Ho_Chi_Minh,200,189.3,28.0,38.3,116.3,93.0,74.7,2024-11-29T17:00:00
2024-11-30 01:00:00,Hanoi,VN,Asia/Ho_Chi_Minh,155,178.6,26.0,37.0,73.8,59.0,67.0,2024-11-29T18:00:00
2024-11-30 02:00:00,Hanoi,VN,Asia/Ho_Chi_Minh,155,176.2,25.3,31.7,73.8,59.0,60.0,2024-11-29T19:00:00
2024-11-30 03:00:00,Hanoi,VN,Asia/Ho_Chi_Minh,144,173.9,24.7,26.3,64.6,51.67,53.0,2024-11-29T20:00:00
2024-11-30 04:00:00,Hanoi,VN,Asia/Ho_Chi_Minh,134,171.6,24.0,21.0,60.0,48.0,46.0,2024-11-29T21:00:00
2024-11-30 05:00:00,Hanoi,VN,Asia/Ho_Chi_Minh,184,188.5,24.0,20.3,101.3,81.0,50.0,2024-11-29T22:00:00
2024-11-30 06:00:00,Hanoi,VN,Asia/Ho_Chi_Minh,152,205.4,24.0,19.7,190.0,152.0,54.0,2024-11-29T23:00:00
2024-11-30 07:00:00,Hanoi,VN,Asia/Ho_Chi_Minh,152,222.4,24.0,19.0,190.0,152.0,58.0,2024-11-30T00:00:00
2024-11-30 08:00:00,Hanoi,VN,Asia/Ho_Chi_Minh,164,20.0,8.0,4.0,205.0,164.0,16.0,2024-11-30T01:00:00
2024-11-30 09:00:00,Hanoi,VN,Asia/Ho_Chi_Minh,151,80.8,13.3,9.0,189.2,151.33,30.0,2024-11-30T02:00:00
2024-11-30 10:00:00,Hanoi,VN,Asia/Ho_Chi_Minh,151,10.0,8.0,4.0,188.8,151.0,16.0,2024-11-30T03:00:00
2024-11-30 11:00:00,Hanoi,VN,Asia/Ho_Chi_Minh,240,706.0,15.0,9.7,164.0,123.0,32.0,2024-11-30T04:00:00
2024-11-30 12:00:00,Hanoi,VN,Asia/Ho_Chi_Minh,227,59.7,9.3,88.0,141.3,113.0,54.7,2024-11-30T05:00:00
2024-11-30 13:00:00,Hanoi,VN,Asia/Ho_Chi_Minh,216,84.6,10.0,130.0,131.3,105.0,74.0,2024-11-30T06:00:00
2024-11-30 14:00:00,Hanoi,VN,Asia/Ho_Chi_Minh,187,87.0,10.3,132.7,103.8,83.0,72.0,2024-11-30T07:00:00
2024-11-30 15:00:00,Hanoi,VN,Asia/Ho_Chi_Minh,188,89.3,10.7,135.3,104.6,83.67,70.0,2024-11-30T08:00:00
2024-11-30 16:00:00,Hanoi,VN,Asia/Ho_Chi_Minh,173,91.6,11.0,138.0,91.3,73.0,68.0,2024-11-30T09:00:00
2024-11-30 17:00:00,Hanoi,VN,Asia/Ho_Chi_Minh,165,126.3,16.7,119.7,83.8,67.0,74.0,2024-11-30T10:00:00
2024-11-30 18:00:00,Hanoi,VN,Asia/Ho_Chi_Minh,157,160.9,22.3,101.3,76.3,61.0,80.0,2024-11-30T11:00:00
2024-11-30 19:00:00,Hanoi,VN,Asia/Ho_Chi_Minh,197,195.5,28.0,83.0,92.0,91.0,86.0,2024-11-30T12:00:00
2024-11-30 20:00:00,Hanoi,VN,Asia/Ho_Chi_Minh,186,183.8,25.3,80.3,88.3,82.33,81.7,2024-11-30T13:00:00
2024-11-30 21:00:00,Hanoi,VN,Asia/Ho_Chi_Minh,174,172.2,22.7,77.7,84.7,73.67,77.3,2024-11-30T14:00:00
2024-11-30 22:00:00,Hanoi,VN,Asia/Ho_Chi_Minh,163,160.5,20.0,75.0,81.0,65.0,73.0,2024-11-30T15:00:00
2024-11-30 23:00:00,Hanoi,VN,Asia/Ho_Chi_Minh,168,162.4,19.7,69.3,81.0,68.67,69.7,2024-11-30T16:00:00
2024-12-01 00:00:00,Hanoi,VN,Asia/Ho_Chi_Minh,173,164.4,19.3,63.7,81.0,72.33,66.3,2024-11-30T17:00:00
2024-12-01 01:00:00,Hanoi,VN,Asia/Ho_Chi_Minh,177,166.3,19.0,58.0,81.0,76.0,63.0,2024-11-30T18:00:00
2024-12-01 02:00:00,Hanoi,VN,Asia/Ho_Chi_Minh,156,174.9,19.7,50.0,63.7,60.0,58.7,2024-11-30T19:00:00
2024-12-01 03:00:00,Hanoi,VN,Asia/Ho_Chi_Minh,208,183.4,20.3,42.0,123.8,99.0,54.3,2024-11-30T20:00:00
2024-12-01 04:00:00,Hanoi,VN,Asia/Ho_Chi_Minh,85,192.0,21.0,34.0,29.0,28.0,50.0,2024-11-30T21:00:00
2024-12-01 05:00:00,Hanoi,VN,Asia/Ho_Chi_Minh,189,206.4,23.0,31.3,236.3,189.0,53.7,2024-11-30T22:00:00
2024-12-01 06:00:00,Hanoi,VN,Asia/Ho_Chi_Minh,190,220.8,25.0,28.7,237.5,190.0,57.3,2024-11-30T23:00:00
2024-12-01 07:00:00,Hanoi,VN,Asia/Ho_Chi_Minh,190,235.2,27.0,26.0,237.5,190.0,61.0,2024-12-01T00:00:00
2024-12-01 08:00:00,Hanoi,VN,Asia/Ho_Chi_Minh,202,188.9,23.7,57.3,252.5,202.0,67.7,2024-12-01T01:00:00
2024-12-01 09:00:00,Hanoi,VN,Asia/Ho_Chi_Minh,190,142.6,20.3,88.7,237.5,190.0,74.3,2024-12-01T02:00:00
2024-12-01 10:00:00,Hanoi,VN,Asia/Ho_Chi_Minh,74,96.3,17.0,120.0,24.0,23.0,81.0,2024-12-01T03:00:00
2024-12-01 11:00:00,Hanoi,VN,Asia/Ho_Chi_Minh,229,93.6,14.0,128.0,143.8,115.0,75.0,2024-12-01T04:00:00
2024-12-01 12:00:00,Hanoi,VN,Asia/Ho_Chi_Minh,150,90.8,11.0,136.0,56.7,55.67,69.0,2024-12-01T05:00:00
2024-12-01 13:00:00,Hanoi,VN,Asia/Ho_Chi_Minh,172,88.1,8.0,144.0,73.0,72.0,63.0,2024-12-01T06:00:00
2024-12-01 14:00:00,Hanoi,VN,Asia/Ho_Chi_Minh,163,90.3,8.7,141.0,70.3,65.33,61.0,2024-12-01T07:00:00
2024-12-01 15:00:00,Hanoi,VN,Asia/Ho_Chi_Minh,154,92.4,9.3,138.0,67.7,58.67,59.0,2024-12-01T08:00:00
2024-12-01 16:00:00,Hanoi,VN,Asia/Ho_Chi_Minh,145,94.5,10.0,135.0,65.0,52.0,57.0,2024-12-01T09:00:00
2024-12-01 17:00:00,Hanoi,VN,Asia/Ho_Chi_Minh,148,114.0,14.0,116.0,66.3,53.0,62.0,2024-12-01T10:00:00
2024-12-01 18:00:00,Hanoi,VN,Asia/Ho_Chi_Minh,155,10.0,4.0,4.0,73.8,59.0,16.0,2024-12-01T11:00:00
2024-12-01 19:00:00,Hanoi,VN,Asia/Ho_Chi_Minh,153,152.9,22.0,78.0,55.0,55.0,72.0,2024-12-01T12:00:00
2024-12-01 20:00:00,Hanoi,VN,Asia/Ho_Chi_Minh,148,143.6,20.3,77.7,57.7,53.33,69.3,2024-12-01T13:00:00
2024-12-01 21:00:00,Hanoi,VN,Asia/Ho_Chi_Minh,144,134.2,18.7,77.3,60.3,51.67,66.7,2024-12-01T14:00:00
2024-12-01 22:00:00,Hanoi,VN,Asia/Ho_Chi_Minh,139,124.9,17.0,77.0,63.0,50.0,64.0,2024-12-01T15:00:00
2024-12-01 23:00:00,Hanoi,VN,Asia/Ho_Chi_Minh,138,125.9,16.7,72.0,58.7,49.33,60.0,2024-12-01T16:00:00
2024-12-02 00:00:00,Hanoi,VN,Asia/Ho_Chi_Minh,136,126.8,16.3,67.0,54.3,48.67,56.0,2024-12-01T17:00:00
2024-12-02 01:00:00,Hanoi,VN,Asia/Ho_Chi_Minh,134,127.8,16.0,62.0,50.0,48.0,52.0,2024-12-01T18:00:00
2024-12-02 02:00:00,Hanoi,VN,Asia/Ho_Chi_Minh,203,126.1,15.7,58.0,118.8,95.0,49.3,2024-12-01T19:00:00
2024-12-02 03:00:00,Hanoi,VN,Asia/Ho_Chi_Minh,185,124.3,15.3,54.0,99.2,82.0,46.7,2024-12-01T20:00:00
2024-12-02 04:00:00,Hanoi,VN,Asia/Ho_Chi_Minh,208,122.6,15.0,50.0,123.8,99.0,44.0,2024-12-01T21:00:00
2024-12-02 05:00:00,Hanoi,VN,Asia/Ho_Chi_Minh,208,131.1,16.3,48.7,123.8,99.0,48.3,2024-12-01T22:00:00
2024-12-02 06:00:00,Hanoi,VN,Asia/Ho_Chi_Minh,216,139.7,17.7,47.3,131.3,105.0,52.7,2024-12-01T23:00:00
2024-12-02 07:00:00,Hanoi,VN,Asia/Ho_Chi_Minh,224,148.2,19.0,46.0,138.8,111.0,57.0,2024-12-02T00:00:00
2024-12-02 08:00:00,Hanoi,VN,Asia/Ho_Chi_Minh,227,132.5,18.0,61.7,141.3,113.0,63.7,2024-12-02T01:00:00
2024-12-02 09:00:00,Hanoi,VN,Asia/Ho_Chi_Minh,235,116.7,17.0,77.3,148.8,119.0,70.3,2024-12-02T02:00:00
2024-12-02 10:00:00,Hanoi,VN,Asia/Ho_Chi_Minh,240,101.0,16.0,93.0,153.8,123.0,77.0,2024-12-02T03:00:00
2024-12-02 11:00:00,Hanoi,VN,Asia/Ho_Chi_Minh,240,97.3,14.7,98.0,153.8,123.0,74.3,2024-12-02T04:00:00
2024-12-02 12:00:00,Hanoi,VN,Asia/Ho_Chi_Minh,232,93.6,13.3,103.0,146.3,117.0,71.7,2024-12-02T05:00:00
2024-12-02 13:00:00,Hanoi,VN,Asia/Ho_Chi_Minh,179,89.9,12.0,108.0,78.0,77.0,69.0,2024-12-02T06:00:00
2024-12-02 14:00:00,Hanoi,VN,Asia/Ho_Chi_Minh,167,93.8,13.7,107.0,69.3,68.33,68.7,2024-12-02T07:00:00
2024-12-02 15:00:00,Hanoi,VN,Asia/Ho_Chi_Minh,156,97.7,15.3,106.0,60.7,59.67,68.3,2024-12-02T08:00:00
2024-12-02 16:00:00,Hanoi,VN,Asia/Ho_Chi_Minh,142,101.5,17.0,105.0,52.0,51.0,68.0,2024-12-02T09:00:00
2024-12-02 17:00:00,Hanoi,VN,Asia/Ho_Chi_Minh,163,74.4,14.0,71.3,73.4,65.0,50.7,2024-12-02T10:00:00
2024-12-02 18:00:00,Hanoi,VN,Asia/Ho_Chi_Minh,181,47.2,11.0,37.7,94.8,79.0,33.3,2024-12-02T11:00:00
2024-12-02 19:00:00,Hanoi,VN,Asia/Ho_Chi_Minh,200,20.0,8.0,4.0,116.3,93.0,16.0,2024-12-02T12:00:00
2024-12-02 20:00:00,Hanoi,VN,Asia/Ho_Chi_Minh,177,53.4,12.0,24.0,91.5,75.67,31.0,2024-12-02T13:00:00
2024-12-02 21:00:00,Hanoi,VN,Asia/Ho_Chi_Minh,154,86.8,16.0,44.0,66.8,58.33,46.0,2024-12-02T14:00:00
2024-12-02 22:00:00,Hanoi,VN,Asia/Ho_Chi_Minh,115,120.2,20.0,64.0,42.0,41.0,61.0,2024-12-02T15:00:00
2024-12-02 23:00:00,Hanoi,VN,Asia/Ho_Chi_Minh,112,119.6,19.3,59.0,41.0,39.67,56.7,2024-12-02T16:00:00
2024-12-03 00:00:00,Hanoi,VN,Asia/Ho_Chi_Minh,108,119.1,18.7,54.0,40.0,38.33,52.3,2024-12-02T17:00:00
2024-12-03 01:00:00,Hanoi,VN,Asia/Ho_Chi_Minh,104,118.5,18.0,49.0,39.0,37.0,48.0,2024-12-02T18:00:00
2024-12-03 02:00:00,Hanoi,VN,Asia/Ho_Chi_Minh,95,115.0,17.0,49.0,34.7,32.67,46.0,2024-12-02T19:00:00
2024-12-03 03:00:00,Hanoi,VN,Asia/Ho_Chi_Minh,85,111.5,16.0,49.0,30.3,28.33,44.0,2024-12-02T20:00:00
2024-12-03 04:00:00,Hanoi,VN,Asia/Ho_Chi_Minh,76,108.0,15.0,49.0,26.0,24.0,42.0,2024-12-02T21:00:00
2024-12-03 05:00:00,Hanoi,VN,Asia/Ho_Chi_Minh,112,112.6,16.0,49.0,46.9,39.67,46.3,2024-12-02T22:00:00
2024-12-03 06:00:00,Hanoi,VN,Asia/Ho_Chi_Minh,208,10.0,4.0,4.0,123.8,99.0,16.0,2024-12-02T23:00:00
2024-12-03 07:00:00,Hanoi,VN,Asia/Ho_Chi_Minh,171,122.0,18.0,49.0,88.8,71.0,55.0,2024-12-03T00:00:00
2024-12-03 08:00:00,Hanoi,VN,Asia/Ho_Chi_Minh,149,107.4,16.3,59.0,66.2,53.67,52.7,2024-12-03T01:00:00
2024-12-03 09:00:00,Hanoi,VN,Asia/Ho_Chi_Minh,103,92.8,14.7,69.0,43.6,36.33,50.3,2024-12-03T02:00:00
2024-12-03 10:00:00,Hanoi,VN,Asia/Ho_Chi_Minh,65,78.2,13.0,79.0,21.0,19.0,48.0,2024-12-03T03:00:00
2024-12-03 11:00:00,Hanoi,VN,Asia/Ho_Chi_Minh,152,10.0,4.0,4.0,71.3,57.0,16.0,2024-12-03T04:00:00
2024-12-03 12:00:00,Hanoi,VN,Asia/Ho_Chi_Minh,137,71.2,9.7,89.7,61.3,49.0,40.7,2024-12-03T05:00:00
2024-12-03 13:00:00,Hanoi,VN,Asia/Ho_Chi_Minh,87,67.7,8.0,95.0,30.0,29.0,37.0,2024-12-03T06:00:00
2024-12-03 14:00:00,Hanoi,VN,Asia/Ho_Chi_Minh,90,67.9,8.7,95.0,34.2,30.67,36.0,2024-12-03T07:00:00
2024-12-03 15:00:00,Hanoi,VN,Asia/Ho_Chi_Minh,94,68.1,9.3,95.0,38.3,32.33,35.0,2024-12-03T08:00:00
2024-12-03 16:00:00,Hanoi,VN,Asia/Ho_Chi_Minh,98,68.3,10.0,95.0,42.5,34.0,34.0,2024-12-03T09:00:00
2024-12-03 17:00:00,Hanoi,VN,Asia/Ho_Chi_Minh,104,73.1,12.7,85.7,46.3,37.0,39.3,2024-12-03T10:00:00
2024-12-03 18:00:00,Hanoi,VN,Asia/Ho_Chi_Minh,112,78.0,15.3,76.3,50.0,40.0,44.7,2024-12-03T11:00:00
2024-12-03 19:00:00,Hanoi,VN,Asia/Ho_Chi_Minh,121,82.9,18.0,67.0,53.8,43.0,50.0,2024-12-03T12:00:00
2024-12-03 20:00:00,Hanoi,VN,Asia/Ho_Chi_Minh,114,89.5,18.7,62.3,48.8,40.67,53.3,2024-12-03T13:00:00
2024-12-03 21:00:00,Hanoi,VN,Asia/Ho_Chi_Minh,108,96.1,19.3,57.7,43.9,38.33,56.7,2024-12-03T14:00:00
2024-12-03 22:00:00,Hanoi,VN,Asia/Ho_Chi_Minh,102,102.7,20.0,53.0,39.0,36.0,60.0,2024-12-03T15:00:00
2024-12-03 23:00:00,Hanoi,VN,Asia/Ho_Chi_Minh,139,104.1,19.7,49.3,58.1,49.67,56.3,2024-12-03T16:00:00
2024-12-04 00:00:00,Hanoi,VN,Asia/Ho_Chi_Minh,155,105.4,19.3,45.7,73.8,59.0,52.7,2024-12-03T17:00:00
2024-12-04 01:00:00,Hanoi,VN,Asia/Ho_Chi_Minh,179,106.8,19.0,42.0,96.3,77.0,49.0,2024-12-03T18:00:00
2024-12-04 02:00:00,Hanoi,VN,Asia/Ho_Chi_Minh,190,74.5,15.3,29.3,107.1,85.67,38.0,2024-12-03T19:00:00
2024-12-04 03:00:00,Hanoi,VN,Asia/Ho_Chi_Minh,203,42.3,11.7,16.7,118.8,95.0,27.0,2024-12-03T20:00:00
2024-12-04 04:00:00,Hanoi,VN,Asia/Ho_Chi_Minh,213,10.0,8.0,4.0,128.8,103.0,16.0,2024-12-03T21:00:00
2024-12-04 05:00:00,Hanoi,VN,Asia/Ho_Chi_Minh,189,48.5,11.3,13.3,106.3,85.0,27.0,2024-12-03T22:00:00
2024-12-04 06:00:00,Hanoi,VN,Asia/Ho_Chi_Minh,195,87.0,14.7,22.7,111.3,89.0,38.0,2024-12-03T23:00:00
2024-12-04 07:00:00,Hanoi,VN,Asia/Ho_Chi_Minh,203,125.5,18.0,32.0,118.8,95.0,49.0,2024-12-04T00:00:00
2024-12-04 08:00:00,Hanoi,VN,Asia/Ho_Chi_Minh,186,87.0,14.7,22.7,102.9,82.33,38.0,2024-12-04T01:00:00
2024-12-04 09:00:00,Hanoi,VN,Asia/Ho_Chi_Minh,184,20.0,4.0,4.0,101.3,81.0,16.0,2024-12-04T02:00:00
2024-12-04 10:00:00,Hanoi,VN,Asia/Ho_Chi_Minh,152,10.0,8.0,4.0,71.3,57.0,16.0,2024-12-04T03:00:00
2024-12-04 11:00:00,Hanoi,VN,Asia/Ho_Chi_Minh,155,34.1,7.0,43.7,73.8,59.0,27.3,2024-12-04T04:00:00
2024-12-04 12:00:00,Hanoi,VN,Asia/Ho_Chi_Minh,134,58.2,6.0,83.3,60.0,48.0,38.7,2024-12-04T05:00:00
2024-12-04 13:00:00,Hanoi,VN,Asia/Ho_Chi_Minh,115,82.3,5.0,123.0,42.0,41.0,50.0,2024-12-04T06:00:00
2024-12-04 14:00:00,Hanoi,VN,Asia/Ho_Chi_Minh,107,907.0,15.0,9.7,102.0,38.0,26.0,2024-12-04T07:00:00
2024-12-04 15:00:00,Hanoi,VN,Asia/Ho_Chi_Minh,85,90.5,7.0,126.3,35.0,28.0,64.0,2024-12-04T08:00:00
2024-12-04 16:00:00,Hanoi,VN,Asia/Ho_Chi_Minh,82,94.5,8.0,128.0,33.8,27.0,71.0,2024-12-04T09:00:00
2024-12-04 17:00:00,Hanoi,VN,Asia/Ho_Chi_Minh,92,109.7,12.3,112.0,35.8,31.33,80.3,2024-12-04T10:00:00
2024-12-04 18:00:00,Hanoi,VN,Asia/Ho_Chi_Minh,101,124.9,16.7,96.0,37.9,35.67,89.7,2024-12-04T11:00:00
2024-12-04 19:00:00,Hanoi,VN,Asia/Ho_Chi_Minh,112,140.1,21.0,80.0,40.0,40.0,99.0,2024-12-04T12:00:00
2024-12-04 20:00:00,Hanoi,VN,Asia/Ho_Chi_Minh,137,144.1,20.7,75.7,54.6,49.0,101.7,2024-12-04T13:00:00
2024-12-04 21:00:00,Hanoi,VN,Asia/Ho_Chi_Minh,155,148.2,20.3,71.3,73.8,59.0,104.3,2024-12-04T14:00:00
2024-12-04 22:00:00,Hanoi,VN,Asia/Ho_Chi_Minh,165,152.3,20.0,67.0,83.8,67.0,107.0,2024-12-04T15:00:00
2024-12-04 23:00:00,Hanoi,VN,Asia/Ho_Chi_Minh,173,150.0,18.3,67.3,91.3,73.0,102.7,2024-12-04T16:00:00
2024-12-05 00:00:00,Hanoi,VN,Asia/Ho_Chi_Minh,179,147.7,16.7,67.7,96.3,77.0,98.3,2024-12-04T17:00:00
2024-12-05 01:00:00,Hanoi,VN,Asia/Ho_Chi_Minh,231,145.3,15.0,68.0,117.0,116.0,94.0,2024-12-04T18:00:00
2024-12-05 02:00:00,Hanoi,VN,Asia/Ho_Chi_Minh,181,146.9,14.7,66.7,98.8,79.0,92.3,2024-12-04T19:00:00
2024-12-05 03:00:00,Hanoi,VN,Asia/Ho_Chi_Minh,184,148.4,14.3,65.3,101.3,81.0,90.7,2024-12-04T20:00:00
2024-12-05 04:00:00,Hanoi,VN,Asia/Ho_Chi_Minh,208,150.0,14.0,64.0,123.8,99.0,89.0,2024-12-04T21:00:00
2024-12-05 05:00:00,Hanoi,VN,Asia/Ho_Chi_Minh,250,152.9,15.0,64.3,163.8,131.0,91.3,2024-12-04T22:00:00
2024-12-05 06:00:00,Hanoi,VN,Asia/Ho_Chi_Minh,152,155.8,16.0,64.7,190.0,152.0,93.7,2024-12-04T23:00:00
2024-12-05 07:00:00,Hanoi,VN,Asia/Ho_Chi_Minh,258,158.7,17.0,65.0,171.3,137.0,96.0,2024-12-05T00:00:00
2024-12-05 08:00:00,Hanoi,VN,Asia/Ho_Chi_Minh,213,138.7,14.7,76.3,126.2,103.0,91.7,2024-12-05T01:00:00
2024-12-05 09:00:00,Hanoi,VN,Asia/Ho_Chi_Minh,168,118.7,12.3,87.7,81.1,69.0,87.3,2024-12-05T02:00:00
2024-12-05 10:00:00,Hanoi,VN,Asia/Ho_Chi_Minh,100,98.6,10.0,99.0,36.0,35.0,83.0,2024-12-05T03:00:00
2024-12-05 11:00:00,Hanoi,VN,Asia/Ho_Chi_Minh,168,90.7,8.7,104.3,86.3,69.0,68.0,2024-12-05T04:00:00
2024-12-05 12:00:00,Hanoi,VN,Asia/Ho_Chi_Minh,152,82.7,7.3,109.7,71.3,57.0,53.0,2024-12-05T05:00:00
2024-12-05 13:00:00,Hanoi,VN,Asia/Ho_Chi_Minh,95,74.7,6.0,115.0,34.0,33.0,38.0,2024-12-05T06:00:00
2024-12-05 14:00:00,Hanoi,VN,Asia/Ho_Chi_Minh,102,73.3,7.3,110.0,37.0,36.0,36.7,2024-12-05T07:00:00
2024-12-05 15:00:00,Hanoi,VN,Asia/Ho_Chi_Minh,110,72.0,8.7,105.0,40.0,39.0,35.3,2024-12-05T08:00:00
2024-12-05 16:00:00,Hanoi,VN,Asia/Ho_Chi_Minh,118,70.6,10.0,100.0,43.0,42.0,34.0,2024-12-05T09:00:00
2024-12-05 17:00:00,Hanoi,VN,Asia/Ho_Chi_Minh,106,76.1,12.7,90.0,38.7,37.67,40.7,2024-12-05T10:00:00
2024-12-05 18:00:00,Hanoi,VN,Asia/Ho_Chi_Minh,96,81.5,15.3,80.0,34.3,33.33,47.3,2024-12-05T11:00:00
2024-12-05 19:00:00,Hanoi,VN,Asia/Ho_Chi_Minh,87,87.0,18.0,70.0,30.0,29.0,54.0,2024-12-05T12:00:00
2024-12-05 20:00:00,Hanoi,VN,Asia/Ho_Chi_Minh,91,89.1,17.7,67.7,32.0,31.0,55.7,2024-12-05T13:00:00
2024-12-05 21:00:00,Hanoi,VN,Asia/Ho_Chi_Minh,95,91.2,17.3,65.3,34.0,33.0,57.3,2024-12-05T14:00:00
2024-12-05 22:00:00,Hanoi,VN,Asia/Ho_Chi_Minh,100,93.4,17.0,63.0,36.0,35.0,59.0,2024-12-05T15:00:00
2024-12-05 23:00:00,Hanoi,VN,Asia/Ho_Chi_Minh,100,92.2,16.0,62.3,36.3,35.0,57.0,2024-12-05T16:00:00
2024-12-06 00:00:00,Hanoi,VN,Asia/Ho_Chi_Minh,100,91.0,15.0,61.7,36.7,35.0,55.0,2024-12-05T17:00:00
2024-12-06 01:00:00,Hanoi,VN,Asia/Ho_Chi_Minh,100,89.9,14.0,61.0,37.0,35.0,53.0,2024-12-05T18:00:00
2024-12-06 02:00:00,Hanoi,VN,Asia/Ho_Chi_Minh,115,87.9,13.0,63.3,46.8,41.0,51.7,2024-12-05T19:00:00
2024-12-06 03:00:00,Hanoi,VN,Asia/Ho_Chi_Minh,131,86.0,12.0,65.7,56.5,47.0,50.3,2024-12-05T20:00:00
2024-12-06 04:00:00,Hanoi,VN,Asia/Ho_Chi_Minh,148,84.0,11.0,68.0,66.3,53.0,49.0,2024-12-05T21:00:00
2024-12-06 05:00:00,Hanoi,VN,Asia/Ho_Chi_Minh,171,92.2,11.7,64.3,88.8,71.0,51.7,2024-12-05T22:00:00
2024-12-06 06:00:00,Hanoi,VN,Asia/Ho_Chi_Minh,184,10.0,8.0,4.0,101.3,81.0,16.0,2024-12-05T23:00:00
2024-12-06 07:00:00,Hanoi,VN,Asia/Ho_Chi_Minh,110,108.5,13.0,57.0,40.0,39.0,57.0,2024-12-06T00:00:00
2024-12-06 08:00:00,Hanoi,VN,Asia/Ho_Chi_Minh,195,107.8,12.3,64.0,111.3,89.0,65.0,2024-12-06T01:00:00
2024-12-06 09:00:00,Hanoi,VN,Asia/Ho_Chi_Minh,219,107.0,11.7,71.0,133.8,107.0,73.0,2024-12-06T02:00:00
2024-12-06 10:00:00,Hanoi,VN,Asia/Ho_Chi_Minh,187,106.2,11.0,78.0,103.8,83.0,81.0,2024-12-06T03:00:00
2024-12-06 11:00:00,Hanoi,VN,Asia/Ho_Chi_Minh,187,102.3,11.0,83.7,103.8,83.0,74.0,2024-12-06T04:00:00
2024-12-06 12:00:00,Hanoi,VN,Asia/Ho_Chi_Minh,232,98.4,11.0,89.3,146.3,117.0,67.0,2024-12-06T05:00:00
2024-12-06 13:00:00,Hanoi,VN,Asia/Ho_Chi_Minh,151,94.5,11.0,95.0,57.0,56.0,60.0,2024-12-06T06:00:00
2024-12-06 14:00:00,Hanoi,VN,Asia/Ho_Chi_Minh,221,101.9,11.0,100.7,136.3,109.0,61.7,2024-12-06T07:00:00
2024-12-06 15:00:00,Hanoi,VN,Asia/Ho_Chi_Minh,211,109.3,11.0,106.3,126.3,101.0,63.3,2024-12-06T08:00:00
2024-12-06 16:00:00,Hanoi,VN,Asia/Ho_Chi_Minh,211,116.7,11.0,112.0,126.3,101.0,65.0,2024-12-06T09:00:00
2024-12-06 17:00:00,Hanoi,VN,Asia/Ho_Chi_Minh,211,135.2,12.7,107.7,126.3,101.0,77.0,2024-12-06T10:00:00
2024-12-06 18:00:00,Hanoi,VN,Asia/Ho_Chi_Minh,224,153.7,14.3,103.3,138.8,111.0,89.0,2024-12-06T11:00:00
2024-12-06 19:00:00,Hanoi,VN,Asia/Ho_Chi_Minh,148,172.2,16.0,99.0,53.0,53.0,101.0,2024-12-06T12:00:00
2024-12-06 20:00:00,Hanoi,VN,Asia/Ho_Chi_Minh,258,175.3,15.0,90.0,171.3,137.0,105.7,2024-12-06T13:00:00
2024-12-06 21:00:00,Hanoi,VN,Asia/Ho_Chi_Minh,266,178.4,14.0,81.0,178.8,143.0,110.3,2024-12-06T14:00:00
2024-12-06 22:00:00,Hanoi,VN,Asia/Ho_Chi_Minh,256,181.5,13.0,72.0,168.8,135.0,115.0,2024-12-06T15:00:00
2024-12-06 23:00:00,Hanoi,VN,Asia/Ho_Chi_Minh,253,181.7,13.0,64.0,166.3,133.0,112.7,2024-12-06T16:00:00
2024-12-07 00:00:00,Hanoi,VN,Asia/Ho_Chi_Minh,250,181.9,13.0,56.0,163.8,131.0,110.3,2024-12-06T17:00:00
2024-12-07 01:00:00,Hanoi,VN,Asia/Ho_Chi_Minh,129,182.1,13.0,48.0,46.0,46.0,108.0,2024-12-06T18:00:00
2024-12-07 02:00:00,Hanoi,VN,Asia/Ho_Chi_Minh,245,182.9,13.0,44.7,158.8,127.0,104.0,2024-12-06T19:00:00
2024-12-07 03:00:00,Hanoi,VN,Asia/Ho_Chi_Minh,229,183.6,13.0,41.3,143.8,115.0,100.0,2024-12-06T20:00:00
2024-12-07 04:00:00,Hanoi,VN,Asia/Ho_Chi_Minh,229,184.4,13.0,38.0,143.8,115.0,96.0,2024-12-06T21:00:00
2024-12-07 05:00:00,Hanoi,VN,Asia/Ho_Chi_Minh,216,187.1,13.3,37.7,131.3,105.0,98.3,2024-12-06T22:00:00
2024-12-07 06:00:00,Hanoi,VN,Asia/Ho_Chi_Minh,208,189.9,13.7,37.3,123.8,99.0,100.7,2024-12-06T23:00:00
2024-12-07 07:00:00,Hanoi,VN,Asia/Ho_Chi_Minh,137,192.6,14.0,37.0,49.0,49.0,103.0,2024-12-07T00:00:00
2024-12-07 08:00:00,Hanoi,VN,Asia/Ho_Chi_Minh,213,190.8,13.7,37.3,128.8,103.0,107.7,2024-12-07T01:00:00
2024-12-07 09:00:00,Hanoi,VN,Asia/Ho_Chi_Minh,216,189.1,13.3,37.7,131.3,105.0,112.3,2024-12-07T02:00:00
2024-12-07 10:00:00,Hanoi,VN,Asia/Ho_Chi_Minh,216,187.3,13.0,38.0,131.3,105.0,117.0,2024-12-07T03:00:00
2024-12-07 11:00:00,Hanoi,VN,Asia/Ho_Chi_Minh,216,185.4,12.0,46.3,131.3,105.0,119.7,2024-12-07T04:00:00
2024-12-07 12:00:00,Hanoi,VN,Asia/Ho_Chi_Minh,209,183.4,11.0,54.7,124.6,99.67,122.3,2024-12-07T05:00:00
2024-12-07 13:00:00,Hanoi,VN,Asia/Ho_Chi_Minh,205,181.5,10.0,63.0,121.3,97.0,125.0,2024-12-07T06:00:00
2024-12-07 14:00:00,Hanoi,VN,Asia/Ho_Chi_Minh,163,10.0,4.0,4.0,81.3,65.0,16.0,2024-12-07T07:00:00
2024-12-07 15:00:00,Hanoi,VN,Asia/Ho_Chi_Minh,133,178.4,10.0,65.7,55.8,47.67,122.3,2024-12-07T08:00:00
2024-12-07 16:00:00,Hanoi,VN,Asia/Ho_Chi_Minh,74,176.8,10.0,67.0,23.0,23.0,121.0,2024-12-07T09:00:00
2024-12-07 17:00:00,Hanoi,VN,Asia/Ho_Chi_Minh,89,176.8,10.0,61.3,33.7,30.0,115.3,2024-12-07T10:00:00
2024-12-07 18:00:00,Hanoi,VN,Asia/Ho_Chi_Minh,104,176.8,10.0,55.7,44.3,37.0,109.7,2024-12-07T11:00:00
2024-12-07 19:00:00,Hanoi,VN,Asia/Ho_Chi_Minh,123,176.8,10.0,50.0,55.0,44.0,104.0,2024-12-07T12:00:00
2024-12-07 20:00:00,Hanoi,VN,Asia/Ho_Chi_Minh,107,174.3,9.7,50.3,47.5,38.0,99.3,2024-12-07T13:00:00
2024-12-07 21:00:00,Hanoi,VN,Asia/Ho_Chi_Minh,107,171.8,9.3,50.7,47.5,38.0,94.7,2024-12-07T14:00:00
2024-12-07 22:00:00,Hanoi,VN,Asia/Ho_Chi_Minh,74,169.2,9.0,51.0,28.8,23.0,90.0,2024-12-07T15:00:00
2024-12-07 23:00:00,Hanoi,VN,Asia/Ho_Chi_Minh,76,164.0,8.7,50.7,30.0,24.0,88.0,2024-12-07T16:00:00
2024-12-08 00:00:00,Hanoi,VN,Asia/Ho_Chi_Minh,89,158.7,8.3,50.3,37.5,30.0,86.0,2024-12-07T17:00:00
2024-12-08 01:00:00,Hanoi,VN,Asia/Ho_Chi_Minh,80,153.5,8.0,50.0,32.5,26.0,84.0,2024-12-07T18:00:00
2024-12-08 02:00:00,Hanoi,VN,Asia/Ho_Chi_Minh,65,152.9,7.7,50.0,23.8,19.0,83.0,2024-12-07T19:00:00
2024-12-08 03:00:00,Hanoi,VN,Asia/Ho_Chi_Minh,65,152.3,7.3,50.0,23.8,19.0,82.0,2024-12-07T20:00:00
2024-12-08 04:00:00,Hanoi,VN,Asia/Ho_Chi_Minh,63,151.7,7.0,50.0,22.5,18.0,81.0,2024-12-07T21:00:00
2024-12-08 05:00:00,Hanoi,VN,Asia/Ho_Chi_Minh,67,155.4,7.7,48.7,25.0,20.0,84.3,2024-12-07T22:00:00
2024-12-08 06:00:00,Hanoi,VN,Asia/Ho_Chi_Minh,69,159.1,8.3,47.3,26.3,21.0,87.7,2024-12-07T23:00:00
2024-12-08 07:00:00,Hanoi,VN,Asia/Ho_Chi_Minh,76,162.8,9.0,46.0,30.0,24.0,91.0,2024-12-08T00:00:00
2024-12-08 08:00:00,Hanoi,VN,Asia/Ho_Chi_Minh,89,163.8,9.0,48.3,37.5,30.0,99.7,2024-12-08T01:00:00
2024-12-08 09:00:00,Hanoi,VN,Asia/Ho_Chi_Minh,89,164.8,9.0,50.7,37.5,30.0,108.3,2024-12-08T02:00:00
2024-12-08 10:00:00,Hanoi,VN,Asia/Ho_Chi_Minh,80,165.7,9.0,53.0,32.5,26.0,117.0,2024-12-08T03:00:00
2024-12-08 11:00:00,Hanoi,VN,Asia/Ho_Chi_Minh,86,164.0,9.0,59.3,35.8,28.67,123.0,2024-12-08T04:00:00
2024-12-08 12:00:00,Hanoi,VN,Asia/Ho_Chi_Minh,89,162.2,9.0,65.7,37.5,30.0,129.0,2024-12-08T05:00:00
2024-12-08 13:00:00,Hanoi,VN,Asia/Ho_Chi_Minh,98,160.5,9.0,72.0,42.5,34.0,135.0,2024-12-08T06:00:00
2024-12-08 14:00:00,Hanoi,VN,Asia/Ho_Chi_Minh,118,10.0,4.0,4.0,52.5,42.0,14.0,2024-12-08T07:00:00
2024-12-08 15:00:00,Hanoi,VN,Asia/Ho_Chi_Minh,104,10.0,4.0,4.0,46.3,37.0,14.0,2024-12-08T08:00:00
2024-12-08 16:00:00,Hanoi,VN,Asia/Ho_Chi_Minh,118,159.3,11.0,89.0,52.5,42.0,151.0,2024-12-08T09:00:00
2024-12-08 17:00:00,Hanoi,VN,Asia/Ho_Chi_Minh,128,165.2,12.3,80.3,57.1,45.67,150.0,2024-12-08T10:00:00
2024-12-08 18:00:00,Hanoi,VN,Asia/Ho_Chi_Minh,123,171.0,13.7,71.7,55.0,44.0,149.0,2024-12-08T11:00:00
2024-12-08 19:00:00,Hanoi,VN,Asia/Ho_Chi_Minh,148,176.8,15.0,63.0,66.3,53.0,148.0,2024-12-08T12:00:00
2024-12-08 20:00:00,Hanoi,VN,Asia/Ho_Chi_Minh,148,176.6,14.3,62.7,66.3,53.0,139.7,2024-12-08T13:00:00
2024-12-08 21:00:00,Hanoi,VN,Asia/Ho_Chi_Minh,155,176.4,13.7,62.3,73.8,59.0,131.3,2024-12-08T14:00:00
2024-12-08 22:00:00,Hanoi,VN,Asia/Ho_Chi_Minh,152,176.2,13.0,62.0,71.3,57.0,123.0,2024-12-08T15:00:00
2024-12-08 23:00:00,Hanoi,VN,Asia/Ho_Chi_Minh,148,120.8,10.0,42.7,66.3,53.0,86.7,2024-12-08T16:00:00
2024-12-09 00:00:00,Hanoi,VN,Asia/Ho_Chi_Minh,131,65.4,7.0,23.3,58.8,47.0,50.3,2024-12-08T17:00:00
2024-12-09 01:00:00,Hanoi,VN,Asia/Ho_Chi_Minh,126,10.0,4.0,4.0,56.3,45.0,14.0,2024-12-08T18:00:00
2024-12-09 02:00:00,Hanoi,VN,Asia/Ho_Chi_Minh,123,61.9,6.3,18.3,55.0,44.0,41.7,2024-12-08T19:00:00
2024-12-09 03:00:00,Hanoi,VN,Asia/Ho_Chi_Minh,118,113.8,8.7,32.7,52.5,42.0,69.3,2024-12-08T20:00:00
2024-12-09 04:00:00,Hanoi,VN,Asia/Ho_Chi_Minh,91,165.7,11.0,47.0,31.0,31.0,97.0,2024-12-08T21:00:00
2024-12-09 05:00:00,Hanoi,VN,Asia/Ho_Chi_Minh,115,172.4,12.3,44.0,51.3,41.0,100.0,2024-12-08T22:00:00
2024-12-09 06:00:00,Hanoi,VN,Asia/Ho_Chi_Minh,131,179.0,13.7,41.0,58.8,47.0,103.0,2024-12-08T23:00:00
2024-12-09 07:00:00,Hanoi,VN,Asia/Ho_Chi_Minh,131,185.6,15.0,38.0,58.8,47.0,106.0,2024-12-09T00:00:00
2024-12-09 08:00:00,Hanoi,VN,Asia/Ho_Chi_Minh,123,186.4,15.0,42.3,55.0,44.0,123.0,2024-12-09T01:00:00
2024-12-09 09:00:00,Hanoi,VN,Asia/Ho_Chi_Minh,137,187.1,15.0,46.7,61.3,49.0,140.0,2024-12-09T02:00:00
2024-12-09 10:00:00,Hanoi,VN,Asia/Ho_Chi_Minh,129,187.9,15.0,51.0,46.0,46.0,157.0,2024-12-09T03:00:00
2024-12-09 11:00:00,Hanoi,VN,Asia/Ho_Chi_Minh,134,184.6,14.7,63.7,60.0,48.0,156.3,2024-12-09T04:00:00
2024-12-09 12:00:00,Hanoi,VN,Asia/Ho_Chi_Minh,153,181.3,14.3,76.3,68.8,55.0,155.7,2024-12-09T05:00:00
2024-12-09 13:00:00,Hanoi,VN,Asia/Ho_Chi_Minh,153,178.0,14.0,89.0,68.8,55.0,155.0,2024-12-09T06:00:00
2024-12-09 14:00:00,Hanoi,VN,Asia/Ho_Chi_Minh,179,172.9,14.7,90.0,96.3,77.0,137.7,2024-12-09T07:00:00
2024-12-09 15:00:00,Hanoi,VN,Asia/Ho_Chi_Minh,169,167.9,15.3,91.0,87.1,69.67,120.3,2024-12-09T08:00:00
2024-12-09 16:00:00,Hanoi,VN,Asia/Ho_Chi_Minh,179,162.8,16.0,92.0,96.3,77.0,103.0,2024-12-09T09:00:00
2024-12-09 17:00:00,Hanoi,VN,Asia/Ho_Chi_Minh,203,182.5,21.0,78.7,118.8,95.0,109.0,2024-12-09T10:00:00
2024-12-09 18:00:00,Hanoi,VN,Asia/Ho_Chi_Minh,221,202.1,26.0,65.3,136.3,109.0,115.0,2024-12-09T11:00:00
2024-12-09 19:00:00,Hanoi,VN,Asia/Ho_Chi_Minh,221,221.8,31.0,52.0,136.3,109.0,121.0,2024-12-09T12:00:00
2024-12-09 20:00:00,Hanoi,VN,Asia/Ho_Chi_Minh,269,229.4,30.3,50.0,181.3,145.0,119.7,2024-12-09T13:00:00
2024-12-09 21:00:00,Hanoi,VN,Asia/Ho_Chi_Minh,258,236.9,29.7,48.0,170.4,136.33,118.3,2024-12-09T14:00:00
2024-12-09 22:00:00,Hanoi,VN,Asia/Ho_Chi_Minh,276,244.5,29.0,46.0,187.5,150.0,117.0,2024-12-09T15:00:00
2024-12-09 23:00:00,Hanoi,VN,Asia/Ho_Chi_Minh,152,238.1,27.0,47.0,190.0,152.0,110.7,2024-12-09T16:00:00
2024-12-10 00:00:00,Hanoi,VN,Asia/Ho_Chi_Minh,152,231.7,25.0,48.0,190.0,152.0,104.3,2024-12-09T17:00:00
2024-12-10 01:00:00,Hanoi,VN,Asia/Ho_Chi_Minh,163,225.3,23.0,49.0,203.8,163.0,98.0,2024-12-09T18:00:00
2024-12-10 02:00:00,Hanoi,VN,Asia/Ho_Chi_Minh,184,222.2,22.0,45.3,230.0,184.0,92.0,2024-12-09T19:00:00
2024-12-10 03:00:00,Hanoi,VN,Asia/Ho_Chi_Minh,183,219.0,21.0,41.7,228.8,183.0,86.0,2024-12-09T20:00:00
2024-12-10 04:00:00,Hanoi,VN,Asia/Ho_Chi_Minh,193,215.9,20.0,38.0,241.3,193.0,80.0,2024-12-09T21:00:00
2024-12-10 05:00:00,Hanoi,VN,Asia/Ho_Chi_Minh,276,216.9,20.7,41.7,187.5,150.0,82.7,2024-12-09T22:00:00
2024-12-10 06:00:00,Hanoi,VN,Asia/Ho_Chi_Minh,276,217.9,21.3,45.3,187.5,150.0,85.3,2024-12-09T23:00:00
2024-12-10 07:00:00,Hanoi,VN,Asia/Ho_Chi_Minh,213,218.9,22.0,49.0,104.0,103.0,88.0,2024-12-10T00:00:00
2024-12-10 08:00:00,Hanoi,VN,Asia/Ho_Chi_Minh,237,203.1,21.0,58.3,151.3,121.0,88.7,2024-12-10T01:00:00
2024-12-10 09:00:00,Hanoi,VN,Asia/Ho_Chi_Minh,233,187.3,20.0,67.7,138.8,117.67,89.3,2024-12-10T02:00:00
2024-12-10 10:00:00,Hanoi,VN,Asia/Ho_Chi_Minh,242,171.6,19.0,77.0,156.3,125.0,90.0,2024-12-10T03:00:00
2024-12-10 11:00:00,Hanoi,VN,Asia/Ho_Chi_Minh,151,165.2,18.7,84.0,188.8,151.0,87.0,2024-12-10T04:00:00
2024-12-10 12:00:00,Hanoi,VN,Asia/Ho_Chi_Minh,151,158.7,18.3,91.0,188.8,151.0,84.0,2024-12-10T05:00:00
2024-12-10 13:00:00,Hanoi,VN,Asia/Ho_Chi_Minh,161,152.3,18.0,98.0,201.3,161.0,81.0,2024-12-10T06:00:00
2024-12-10 14:00:00,Hanoi,VN,Asia/Ho_Chi_Minh,171,149.0,18.0,98.7,213.8,171.0,77.3,2024-12-10T07:00:00
2024-12-10 15:00:00,Hanoi,VN,Asia/Ho_Chi_Minh,158,145.7,18.0,99.3,197.5,158.0,73.7,2024-12-10T08:00:00
2024-12-10 16:00:00,Hanoi,VN,Asia/Ho_Chi_Minh,191,142.4,18.0,100.0,238.8,191.0,70.0,2024-12-10T09:00:00
2024-12-10 17:00:00,Hanoi,VN,Asia/Ho_Chi_Minh,191,149.0,19.7,87.7,238.8,191.0,70.0,2024-12-10T10:00:00
2024-12-10 18:00:00,Hanoi,VN,Asia/Ho_Chi_Minh,170,155.6,21.3,75.3,212.5,170.0,70.0,2024-12-10T11:00:00
2024-12-10 19:00:00,Hanoi,VN,Asia/Ho_Chi_Minh,158,162.2,23.0,63.0,197.5,158.0,70.0,2024-12-10T12:00:00
2024-12-10 20:00:00,Hanoi,VN,Asia/Ho_Chi_Minh,158,161.1,22.7,57.7,197.5,158.0,69.0,2024-12-10T13:00:00
2024-12-10 21:00:00,Hanoi,VN,Asia/Ho_Chi_Minh,156,159.9,22.3,52.3,195.0,156.0,68.0,2024-12-10T14:00:00
2024-12-10 22:00:00,Hanoi,VN,Asia/Ho_Chi_Minh,158,158.7,22.0,47.0,197.5,158.0,67.0,2024-12-10T15:00:00
2024-12-10 23:00:00,Hanoi,VN,Asia/Ho_Chi_Minh,158,307.5,17.3,34.6,197.5,158.0,53.3,2024-12-10T16:00:00
2024-12-11 00:00:00,Hanoi,VN,Asia/Ho_Chi_Minh,269,605.0,15.0,9.7,176.0,145.0,26.0,2024-12-10T17:00:00
2024-12-11 01:00:00,Hanoi,VN,Asia/Ho_Chi_Minh,250,605.0,8.0,9.7,160.0,131.0,26.0,2024-12-10T18:00:00
2024-12-11 02:00:00,Hanoi,VN,Asia/Ho_Chi_Minh,232,605.0,10.3,9.7,148.7,117.0,28.0,2024-12-10T19:00:00
2024-12-11 03:00:00,Hanoi,VN,Asia/Ho_Chi_Minh,250,605.0,8.0,9.7,160.0,131.0,26.0,2024-12-10T20:00:00
2024-12-11 04:00:00,Hanoi,VN,Asia/Ho_Chi_Minh,195,605.0,15.0,9.7,126.0,89.0,32.0,2024-12-10T21:00:00
2024-12-11 05:00:00,Hanoi,VN,Asia/Ho_Chi_Minh,198,442.2,14.7,23.2,124.4,91.67,40.0,2024-12-10T22:00:00
2024-12-11 06:00:00,Hanoi,VN,Asia/Ho_Chi_Minh,205,279.5,14.3,36.6,121.3,97.0,48.0,2024-12-10T23:00:00
2024-12-11 07:00:00,Hanoi,VN,Asia/Ho_Chi_Minh,205,116.7,14.0,50.0,121.3,97.0,56.0,2024-12-11T00:00:00
2024-12-11 08:00:00,Hanoi,VN,Asia/Ho_Chi_Minh,173,126.3,13.0,50.7,89.2,72.67,69.0,2024-12-11T01:00:00
2024-12-11 09:00:00,Hanoi,VN,Asia/Ho_Chi_Minh,135,135.8,12.0,51.3,57.1,48.33,82.0,2024-12-11T02:00:00
2024-12-11 10:00:00,Hanoi,VN,Asia/Ho_Chi_Minh,76,145.3,11.0,52.0,25.0,24.0,95.0,2024-12-11T03:00:00
2024-12-11 11:00:00,Hanoi,VN,Asia/Ho_Chi_Minh,187,166.3,9.7,57.0,103.8,83.0,103.7,2024-12-11T04:00:00
2024-12-11 12:00:00,Hanoi,VN,Asia/Ho_Chi_Minh,187,187.3,8.3,62.0,103.8,83.0,112.3,2024-12-11T05:00:00
2024-12-11 13:00:00,Hanoi,VN,Asia/Ho_Chi_Minh,33,208.3,7.0,67.0,8.0,8.0,121.0,2024-12-11T06:00:00
2024-12-11 14:00:00,Hanoi,VN,Asia/Ho_Chi_Minh,216,142.2,7.3,46.0,131.3,105.0,86.0,2024-12-11T07:00:00
2024-12-11 15:00:00,Hanoi,VN,Asia/Ho_Chi_Minh,211,76.1,7.7,25.0,126.3,101.0,51.0,2024-12-11T08:00:00
2024-12-11 16:00:00,Hanoi,VN,Asia/Ho_Chi_Minh,179,10.0,8.0,4.0,96.3,77.0,16.0,2024-12-11T09:00:00
2024-12-11 17:00:00,Hanoi,VN,Asia/Ho_Chi_Minh,155,80.6,8.7,15.7,72.2,59.33,48.0,2024-12-11T10:00:00
2024-12-11 18:00:00,Hanoi,VN,Asia/Ho_Chi_Minh,117,151.2,9.3,27.3,48.1,41.67,80.0,2024-12-11T11:00:00
2024-12-11 19:00:00,Hanoi,VN,Asia/Ho_Chi_Minh,76,221.8,10.0,39.0,24.0,24.0,112.0,2024-12-11T12:00:00
2024-12-11 20:00:00,Hanoi,VN,Asia/Ho_Chi_Minh,79,222.7,10.0,38.0,27.7,25.33,107.3,2024-12-11T13:00:00
2024-12-11 21:00:00,Hanoi,VN,Asia/Ho_Chi_Minh,85,223.7,10.0,37.0,35.0,28.0,102.7,2024-12-11T14:00:00
2024-12-11 22:00:00,Hanoi,VN,Asia/Ho_Chi_Minh,85,224.7,10.0,36.0,35.0,28.0,98.0,2024-12-11T15:00:00
2024-12-11 23:00:00,Hanoi,VN,Asia/Ho_Chi_Minh,85,219.8,9.7,35.7,35.0,28.0,96.7,2024-12-11T16:00:00
2024-12-12 00:00:00,Hanoi,VN,Asia/Ho_Chi_Minh,80,215.0,9.3,35.3,32.5,26.0,95.3,2024-12-11T17:00:00
2024-12-12 01:00:00,Hanoi,VN,Asia/Ho_Chi_Minh,82,210.1,9.0,35.0,27.0,27.0,94.0,2024-12-11T18:00:00
2024-12-12 02:00:00,Hanoi,VN,Asia/Ho_Chi_Minh,87,205.2,9.3,34.7,36.3,29.0,94.3,2024-12-11T19:00:00
2024-12-12 03:00:00,Hanoi,VN,Asia/Ho_Chi_Minh,80,200.4,9.7,34.3,32.5,26.0,94.7,2024-12-11T20:00:00
2024-12-12 04:00:00,Hanoi,VN,Asia/Ho_Chi_Minh,80,195.5,10.0,34.0,32.5,26.0,95.0,2024-12-11T21:00:00
2024-12-12 05:00:00,Hanoi,VN,Asia/Ho_Chi_Minh,85,196.1,10.3,32.3,35.0,28.0,92.3,2024-12-11T22:00:00
2024-12-12 06:00:00,Hanoi,VN,Asia/Ho_Chi_Minh,95,196.7,10.7,30.7,41.3,33.0,89.7,2024-12-11T23:00:00
2024-12-12 07:00:00,Hanoi,VN,Asia/Ho_Chi_Minh,80,197.3,11.0,29.0,26.0,26.0,87.0,2024-12-12T00:00:00
2024-12-12 08:00:00,Hanoi,VN,Asia/Ho_Chi_Minh,91,192.6,11.3,30.3,38.8,31.0,93.0,2024-12-12T01:00:00
2024-12-12 09:00:00,Hanoi,VN,Asia/Ho_Chi_Minh,93,187.9,11.7,31.7,40.0,32.0,99.0,2024-12-12T02:00:00
2024-12-12 10:00:00,Hanoi,VN,Asia/Ho_Chi_Minh,93,183.3,12.0,33.0,40.0,32.0,105.0,2024-12-12T03:00:00
2024-12-12 11:00:00,Hanoi,VN,Asia/Ho_Chi_Minh,102,178.2,12.0,37.0,45.0,36.0,112.0,2024-12-12T04:00:00
2024-12-12 12:00:00,Hanoi,VN,Asia/Ho_Chi_Minh,102,173.1,12.0,41.0,45.0,36.0,119.0,2024-12-12T05:00:00
2024-12-12 13:00:00,Hanoi,VN,Asia/Ho_Chi_Minh,110,168.1,12.0,45.0,40.0,39.0,126.0,2024-12-12T06:00:00
2024-12-12 14:00:00,Hanoi,VN,Asia/Ho_Chi_Minh,107,166.1,12.7,47.3,47.5,38.0,129.3,2024-12-12T07:00:00
2024-12-12 15:00:00,Hanoi,VN,Asia/Ho_Chi_Minh,134,164.2,13.3,49.7,60.0,48.0,132.7,2024-12-12T08:00:00
2024-12-12 16:00:00,Hanoi,VN,Asia/Ho_Chi_Minh,134,162.2,14.0,52.0,60.0,48.0,136.0,2024-12-12T09:00:00
2024-12-12 17:00:00,Hanoi,VN,Asia/Ho_Chi_Minh,126,165.7,14.0,49.3,56.3,45.0,132.7,2024-12-12T10:00:00
2024-12-12 18:00:00,Hanoi,VN,Asia/Ho_Chi_Minh,129,169.2,14.0,46.7,57.5,46.0,129.3,2024-12-12T11:00:00
2024-12-12 19:00:00,Hanoi,VN,Asia/Ho_Chi_Minh,100,172.7,14.0,44.0,35.0,35.0,126.0,2024-12-12T12:00:00
2024-12-12 20:00:00,Hanoi,VN,Asia/Ho_Chi_Minh,148,173.5,12.7,44.0,66.3,53.0,117.7,2024-12-12T13:00:00
2024-12-12 21:00:00,Hanoi,VN,Asia/Ho_Chi_Minh,152,174.3,11.3,44.0,71.3,57.0,109.3,2024-12-12T14:00:00
2024-12-12 22:00:00,Hanoi,VN,Asia/Ho_Chi_Minh,152,175.1,10.0,44.0,71.3,57.0,101.0,2024-12-12T15:00:00
2024-12-12 23:00:00,Hanoi,VN,Asia/Ho_Chi_Minh,139,173.7,9.7,43.0,62.5,50.0,99.3,2024-12-12T16:00:00
2024-12-13 00:00:00,Hanoi,VN,Asia/Ho_Chi_Minh,148,172.4,9.3,42.0,66.3,53.0,97.7,2024-12-12T17:00:00
2024-12-13 01:00:00,Hanoi,VN,Asia/Ho_Chi_Minh,142,171.0,9.0,41.0,63.8,51.0,96.0,2024-12-12T18:00:00
2024-12-13 02:00:00,Hanoi,VN,Asia/Ho_Chi_Minh,152,167.1,8.3,43.0,71.3,57.0,91.7,2024-12-12T19:00:00
2024-12-13 03:00:00,Hanoi,VN,Asia/Ho_Chi_Minh,152,163.2,7.7,45.0,71.3,57.0,87.3,2024-12-12T20:00:00
2024-12-13 04:00:00,Hanoi,VN,Asia/Ho_Chi_Minh,142,159.3,7.0,47.0,63.8,51.0,83.0,2024-12-12T21:00:00
2024-12-13 05:00:00,Hanoi,VN,Asia/Ho_Chi_Minh,131,159.9,7.0,48.7,58.8,47.0,83.3,2024-12-12T22:00:00
2024-12-13 06:00:00,Hanoi,VN,Asia/Ho_Chi_Minh,128,160.5,7.0,50.3,57.1,45.67,83.7,2024-12-12T23:00:00
2024-12-13 07:00:00,Hanoi,VN,Asia/Ho_Chi_Minh,121,161.1,7.0,52.0,53.8,43.0,84.0,2024-12-13T00:00:00
2024-12-13 08:00:00,Hanoi,VN,Asia/Ho_Chi_Minh,107,159.9,7.0,54.7,47.5,38.0,90.3,2024-12-13T01:00:00
2024-12-13 09:00:00,Hanoi,VN,Asia/Ho_Chi_Minh,107,158.7,7.0,57.3,47.5,38.0,96.7,2024-12-13T02:00:00
2024-12-13 10:00:00,Hanoi,VN,Asia/Ho_Chi_Minh,112,157.6,7.0,60.0,50.0,40.0,103.0,2024-12-13T03:00:00
2024-12-13 11:00:00,Hanoi,VN,Asia/Ho_Chi_Minh,111,157.0,7.0,65.7,49.2,39.33,106.0,2024-12-13T04:00:00
2024-12-13 12:00:00,Hanoi,VN,Asia/Ho_Chi_Minh,110,156.4,7.0,71.3,48.8,39.0,109.0,2024-12-13T05:00:00
2024-12-13 13:00:00,Hanoi,VN,Asia/Ho_Chi_Minh,107,155.8,7.0,77.0,47.5,38.0,112.0,2024-12-13T06:00:00
2024-12-13 14:00:00,Hanoi,VN,Asia/Ho_Chi_Minh,110,156.8,7.3,78.7,48.8,39.0,115.3,2024-12-13T07:00:00
2024-12-13 15:00:00,Hanoi,VN,Asia/Ho_Chi_Minh,112,157.8,7.7,80.3,50.0,40.0,118.7,2024-12-13T08:00:00
2024-12-13 16:00:00,Hanoi,VN,Asia/Ho_Chi_Minh,112,158.7,8.0,82.0,50.0,40.0,122.0,2024-12-13T09:00:00
2024-12-13 17:00:00,Hanoi,VN,Asia/Ho_Chi_Minh,116,164.0,8.3,75.0,51.7,41.33,119.0,2024-12-13T10:00:00
2024-12-13 18:00:00,Hanoi,VN,Asia/Ho_Chi_Minh,115,169.2,8.7,68.0,51.3,41.0,116.0,2024-12-13T11:00:00
2024-12-13 19:00:00,Hanoi,VN,Asia/Ho_Chi_Minh,123,174.5,9.0,61.0,55.0,44.0,113.0,2024-12-13T12:00:00
2024-12-13 20:00:00,Hanoi,VN,Asia/Ho_Chi_Minh,131,174.1,8.7,59.7,58.8,47.0,108.0,2024-12-13T13:00:00
2024-12-13 21:00:00,Hanoi,VN,Asia/Ho_Chi_Minh,142,173.7,8.3,58.3,63.8,51.0,103.0,2024-12-13T14:00:00
2024-12-13 22:00:00,Hanoi,VN,Asia/Ho_Chi_Minh,139,173.3,8.0,57.0,62.5,50.0,98.0,2024-12-13T15:00:00
2024-12-13 23:00:00,Hanoi,VN,Asia/Ho_Chi_Minh,114,165.7,7.7,57.7,49.0,40.67,95.0,2024-12-13T16:00:00
2024-12-14 00:00:00,Hanoi,VN,Asia/Ho_Chi_Minh,142,158.2,7.3,58.3,63.8,51.0,92.0,2024-12-13T17:00:00
2024-12-14 01:00:00,Hanoi,VN,Asia/Ho_Chi_Minh,72,150.6,7.0,59.0,22.0,22.0,89.0,2024-12-13T18:00:00
2024-12-14 02:00:00,Hanoi,VN,Asia/Ho_Chi_Minh,152,144.1,6.7,61.0,71.3,57.0,86.3,2024-12-13T19:00:00
2024-12-14 03:00:00,Hanoi,VN,Asia/Ho_Chi_Minh,131,137.7,6.3,63.0,58.8,47.0,83.7,2024-12-13T20:00:00
2024-12-14 04:00:00,Hanoi,VN,Asia/Ho_Chi_Minh,123,131.3,6.0,65.0,55.0,44.0,81.0,2024-12-13T21:00:00
2024-12-14 05:00:00,Hanoi,VN,Asia/Ho_Chi_Minh,123,134.6,6.3,64.3,55.0,44.0,86.0,2024-12-13T22:00:00
2024-12-14 06:00:00,Hanoi,VN,Asia/Ho_Chi_Minh,123,137.9,6.7,63.7,55.0,44.0,91.0,2024-12-13T23:00:00
2024-12-14 07:00:00,Hanoi,VN,Asia/Ho_Chi_Minh,123,141.2,7.0,63.0,55.0,44.0,96.0,2024-12-14T00:00:00
2024-12-14 08:00:00,Hanoi,VN,Asia/Ho_Chi_Minh,129,148.2,7.3,61.7,57.5,46.0,105.7,2024-12-14T01:00:00
2024-12-14 09:00:00,Hanoi,VN,Asia/Ho_Chi_Minh,137,155.2,7.7,60.3,61.3,49.0,115.3,2024-12-14T02:00:00
2024-12-14 10:00:00,Hanoi,VN,Asia/Ho_Chi_Minh,145,162.2,8.0,59.0,65.0,52.0,125.0,2024-12-14T03:00:00
2024-12-14 11:00:00,Hanoi,VN,Asia/Ho_Chi_Minh,141,162.2,8.0,60.3,63.3,50.67,123.7,2024-12-14T04:00:00
2024-12-14 12:00:00,Hanoi,VN,Asia/Ho_Chi_Minh,139,162.2,8.0,61.7,62.5,50.0,122.3,2024-12-14T05:00:00
2024-12-14 13:00:00,Hanoi,VN,Asia/Ho_Chi_Minh,134,162.2,8.0,63.0,60.0,48.0,121.0,2024-12-14T06:00:00
2024-12-14 14:00:00,Hanoi,VN,Asia/Ho_Chi_Minh,123,158.9,8.3,65.0,55.0,44.0,117.3,2024-12-14T07:00:00
2024-12-14 15:00:00,Hanoi,VN,Asia/Ho_Chi_Minh,126,155.6,8.7,67.0,56.3,45.0,113.7,2024-12-14T08:00:00
2024-12-14 16:00:00,Hanoi,VN,Asia/Ho_Chi_Minh,126,152.3,9.0,69.0,45.0,45.0,110.0,2024-12-14T09:00:00
2024-12-14 17:00:00,Hanoi,VN,Asia/Ho_Chi_Minh,134,154.1,9.3,67.0,60.0,48.0,107.3,2024-12-14T10:00:00
2024-12-14 18:00:00,Hanoi,VN,Asia/Ho_Chi_Minh,139,155.8,9.7,65.0,62.5,50.0,104.7,2024-12-14T11:00:00
2024-12-14 19:00:00,Hanoi,VN,Asia/Ho_Chi_Minh,152,157.6,10.0,63.0,71.3,57.0,102.0,2024-12-14T12:00:00
2024-12-14 20:00:00,Hanoi,VN,Asia/Ho_Chi_Minh,157,152.3,9.3,64.0,76.3,61.0,96.7,2024-12-14T13:00:00
2024-12-14 21:00:00,Hanoi,VN,Asia/Ho_Chi_Minh,195,147.1,8.7,65.0,111.3,89.0,91.3,2024-12-14T14:00:00
2024-12-14 22:00:00,Hanoi,VN,Asia/Ho_Chi_Minh,195,141.8,8.0,66.0,111.3,89.0,86.0,2024-12-14T15:00:00
2024-12-14 23:00:00,Hanoi,VN,Asia/Ho_Chi_Minh,170,134.6,7.7,67.0,85.2,70.33,81.7,2024-12-14T16:00:00
2024-12-15 00:00:00,Hanoi,VN,Asia/Ho_Chi_Minh,205,127.4,7.3,68.0,121.3,97.0,77.3,2024-12-14T17:00:00
2024-12-15 01:00:00,Hanoi,VN,Asia/Ho_Chi_Minh,205,120.2,7.0,69.0,121.3,97.0,73.0,2024-12-14T18:00:00
2024-12-15 02:00:00,Hanoi,VN,Asia/Ho_Chi_Minh,184,116.5,6.7,71.3,101.3,81.0,70.7,2024-12-14T19:00:00
2024-12-15 03:00:00,Hanoi,VN,Asia/Ho_Chi_Minh,184,112.8,6.3,73.7,101.3,81.0,68.3,2024-12-14T20:00:00
2024-12-15 04:00:00,Hanoi,VN,Asia/Ho_Chi_Minh,69,109.1,6.0,76.0,22.0,21.0,66.0,2024-12-14T21:00:00
2024-12-15 05:00:00,Hanoi,VN,Asia/Ho_Chi_Minh,168,108.9,6.7,76.3,86.3,69.0,69.3,2024-12-14T22:00:00
2024-12-15 06:00:00,Hanoi,VN,Asia/Ho_Chi_Minh,157,108.7,7.3,76.7,76.3,61.0,72.7,2024-12-14T23:00:00
2024-12-15 07:00:00,Hanoi,VN,Asia/Ho_Chi_Minh,139,108.5,8.0,77.0,62.5,50.0,76.0,2024-12-15T00:00:00
2024-12-15 08:00:00,Hanoi,VN,Asia/Ho_Chi_Minh,155,107.8,8.3,76.0,73.8,59.0,82.7,2024-12-15T01:00:00
2024-12-15 09:00:00,Hanoi,VN,Asia/Ho_Chi_Minh,142,107.0,8.7,75.0,63.8,51.0,89.3,2024-12-15T02:00:00
2024-12-15 10:00:00,Hanoi,VN,Asia/Ho_Chi_Minh,61,106.2,9.0,74.0,17.0,17.0,96.0,2024-12-15T03:00:00
2024-12-15 11:00:00,Hanoi,VN,Asia/Ho_Chi_Minh,131,106.2,9.0,74.7,58.8,47.0,101.3,2024-12-15T04:00:00
2024-12-15 12:00:00,Hanoi,VN,Asia/Ho_Chi_Minh,134,106.2,9.0,75.3,60.0,48.0,106.7,2024-12-15T05:00:00
2024-12-15 13:00:00,Hanoi,VN,Asia/Ho_Chi_Minh,134,106.2,9.0,76.0,60.0,48.0,112.0,2024-12-15T06:00:00
2024-12-15 14:00:00,Hanoi,VN,Asia/Ho_Chi_Minh,155,109.7,10.3,74.0,73.8,59.0,117.3,2024-12-15T07:00:00
2024-12-15 15:00:00,Hanoi,VN,Asia/Ho_Chi_Minh,163,113.2,11.7,72.0,81.3,65.0,122.7,2024-12-15T08:00:00
2024-12-15 16:00:00,Hanoi,VN,Asia/Ho_Chi_Minh,82,116.7,13.0,70.0,27.0,27.0,128.0,2024-12-15T09:00:00
2024-12-15 17:00:00,Hanoi,VN,Asia/Ho_Chi_Minh,165,124.9,15.0,64.3,83.8,67.0,127.7,2024-12-15T10:00:00
2024-12-15 18:00:00,Hanoi,VN,Asia/Ho_Chi_Minh,173,133.1,17.0,58.7,91.3,73.0,127.3,2024-12-15T11:00:00
2024-12-15 19:00:00,Hanoi,VN,Asia/Ho_Chi_Minh,192,141.2,19.0,53.0,108.8,87.0,127.0,2024-12-15T12:00:00
2024-12-15 20:00:00,Hanoi,VN,Asia/Ho_Chi_Minh,197,142.8,19.3,51.3,113.8,91.0,128.7,2024-12-15T13:00:00
2024-12-15 21:00:00,Hanoi,VN,Asia/Ho_Chi_Minh,199,144.3,19.7,49.7,115.4,92.33,130.3,2024-12-15T14:00:00
2024-12-15 22:00:00,Hanoi,VN,Asia/Ho_Chi_Minh,203,145.9,20.0,48.0,118.8,95.0,132.0,2024-12-15T15:00:00
2024-12-15 23:00:00,Hanoi,VN,Asia/Ho_Chi_Minh,203,152.3,21.3,41.0,118.8,95.0,121.7,2024-12-15T16:00:00
2024-12-16 00:00:00,Hanoi,VN,Asia/Ho_Chi_Minh,203,158.7,22.7,34.0,118.8,95.0,111.3,2024-12-15T17:00:00
2024-12-16 01:00:00,Hanoi,VN,Asia/Ho_Chi_Minh,224,165.2,24.0,27.0,138.8,111.0,101.0,2024-12-15T18:00:00
2024-12-16 02:00:00,Hanoi,VN,Asia/Ho_Chi_Minh,227,166.1,24.0,24.7,141.3,113.0,93.7,2024-12-15T19:00:00
2024-12-16 03:00:00,Hanoi,VN,Asia/Ho_Chi_Minh,220,167.1,24.0,22.3,135.4,108.33,86.3,2024-12-15T20:00:00
2024-12-16 04:00:00,Hanoi,VN,Asia/Ho_Chi_Minh,219,168.1,24.0,20.0,133.8,107.0,79.0,2024-12-15T21:00:00
2024-12-16 05:00:00,Hanoi,VN,Asia/Ho_Chi_Minh,197,179.0,24.7,20.7,113.8,91.0,84.3,2024-12-15T22:00:00
2024-12-16 06:00:00,Hanoi,VN,Asia/Ho_Chi_Minh,177,189.9,25.3,21.3,85.3,75.67,89.7,2024-12-15T23:00:00
2024-12-16 07:00:00,Hanoi,VN,Asia/Ho_Chi_Minh,156,200.8,26.0,22.0,61.0,60.0,95.0,2024-12-16T00:00:00
2024-12-16 08:00:00,Hanoi,VN,Asia/Ho_Chi_Minh,203,175.3,21.0,38.0,118.8,95.0,106.0,2024-12-16T01:00:00
2024-12-16 09:00:00,Hanoi,VN,Asia/Ho_Chi_Minh,203,149.8,16.0,54.0,118.8,95.0,117.0,2024-12-16T02:00:00
2024-12-16 10:00:00,Hanoi,VN,Asia/Ho_Chi_Minh,102,124.3,11.0,70.0,36.0,36.0,128.0,2024-12-16T03:00:00
2024-12-16 11:00:00,Hanoi,VN,Asia/Ho_Chi_Minh,203,117.5,10.0,80.0,118.8,95.0,129.3,2024-12-16T04:00:00
2024-12-16 12:00:00,Hanoi,VN,Asia/Ho_Chi_Minh,90,110.7,9.0,90.0,30.7,30.67,130.7,2024-12-16T05:00:00
2024-12-16 13:00:00,Hanoi,VN,Asia/Ho_Chi_Minh,85,103.9,8.0,100.0,28.0,28.0,132.0,2024-12-16T06:00:00
2024-12-16 14:00:00,Hanoi,VN,Asia/Ho_Chi_Minh,88,105.0,9.0,102.0,30.0,29.67,137.3,2024-12-16T07:00:00
2024-12-16 15:00:00,Hanoi,VN,Asia/Ho_Chi_Minh,92,106.2,10.0,104.0,32.0,31.33,142.7,2024-12-16T08:00:00
2024-12-16 16:00:00,Hanoi,VN,Asia/Ho_Chi_Minh,95,107.4,11.0,106.0,34.0,33.0,148.0,2024-12-16T09:00:00
2024-12-16 17:00:00,Hanoi,VN,Asia/Ho_Chi_Minh,115,1310.0,8.0,9.7,58.0,41.0,26.0,2024-12-16T10:00:00
2024-12-16 18:00:00,Hanoi,VN,Asia/Ho_Chi_Minh,184,243.9,31.7,70.7,82.0,81.0,176.7,2024-12-16T11:00:00
2024-12-16 19:00:00,Hanoi,VN,Asia/Ho_Chi_Minh,216,312.2,42.0,53.0,106.0,105.0,191.0,2024-12-16T12:00:00
2024-12-16 20:00:00,Hanoi,VN,Asia/Ho_Chi_Minh,233,357.4,47.3,42.7,118.3,117.67,203.0,2024-12-16T13:00:00
2024-12-16 21:00:00,Hanoi,VN,Asia/Ho_Chi_Minh,250,402.5,52.7,32.3,130.7,130.33,215.0,2024-12-16T14:00:00
2024-12-16 22:00:00,Hanoi,VN,Asia/Ho_Chi_Minh,266,447.6,58.0,22.0,143.0,143.0,227.0,2024-12-16T15:00:00
2024-12-16 23:00:00,Hanoi,VN,Asia/Ho_Chi_Minh,241,2016.0,8.0,9.7,124.0,124.0,26.0,2024-12-16T16:00:00
2024-12-17 00:00:00,Hanoi,VN,Asia/Ho_Chi_Minh,254,2016.0,8.0,9.7,134.0,134.0,26.0,2024-12-16T17:00:00
2024-12-17 01:00:00,Hanoi,VN,Asia/Ho_Chi_Minh,265,1915.0,8.0,9.7,142.0,142.0,26.0,2024-12-16T18:00:00
2024-12-17 02:00:00,Hanoi,VN,Asia/Ho_Chi_Minh,262,1814.0,8.0,9.7,140.0,140.0,26.0,2024-12-16T19:00:00
2024-12-17 03:00:00,Hanoi,VN,Asia/Ho_Chi_Minh,267,1713.7,8.0,9.7,143.3,143.33,26.0,2024-12-16T20:00:00
2024-12-17 04:00:00,Hanoi,VN,Asia/Ho_Chi_Minh,268,1613.0,8.0,9.7,144.0,144.0,26.0,2024-12-16T21:00:00
2024-12-17 05:00:00,Hanoi,VN,Asia/Ho_Chi_Minh,270,1512.0,8.0,9.7,146.0,146.0,26.0,2024-12-16T22:00:00
2024-12-17 06:00:00,Hanoi,VN,Asia/Ho_Chi_Minh,268,1411.0,8.0,9.7,144.0,144.0,26.0,2024-12-16T23:00:00
2024-12-17 07:00:00,Hanoi,VN,Asia/Ho_Chi_Minh,268,1411.0,15.0,9.7,144.0,144.0,32.0,2024-12-17T00:00:00
2024-12-17 08:00:00,Hanoi,VN,Asia/Ho_Chi_Minh,265,1210.0,15.0,9.7,142.0,142.0,32.0,2024-12-17T01:00:00
2024-12-17 09:00:00,Hanoi,VN,Asia/Ho_Chi_Minh,264,1277.0,15.0,9.7,141.3,141.33,32.0,2024-12-17T02:00:00
2024-12-17 10:00:00,Hanoi,VN,Asia/Ho_Chi_Minh,262,1210.0,15.0,9.7,140.0,140.0,32.0,2024-12-17T03:00:00
2024-12-17 11:00:00,Hanoi,VN,Asia/Ho_Chi_Minh,265,1109.0,15.0,9.7,142.0,142.0,32.0,2024-12-17T04:00:00
2024-12-17 12:00:00,Hanoi,VN,Asia/Ho_Chi_Minh,262,1109.0,8.0,9.7,140.0,140.0,26.0,2024-12-17T05:00:00
2024-12-17 13:00:00,Hanoi,VN,Asia/Ho_Chi_Minh,260,1008.0,15.0,9.7,138.0,138.0,26.0,2024-12-17T06:00:00
2024-12-17 14:00:00,Hanoi,VN,Asia/Ho_Chi_Minh,242,1008.0,15.0,9.7,128.7,125.0,28.0,2024-12-17T07:00:00
2024-12-17 15:00:00,Hanoi,VN,Asia/Ho_Chi_Minh,252,806.0,15.0,9.7,132.0,132.0,26.0,2024-12-17T08:00:00
2024-12-17 16:00:00,Hanoi,VN,Asia/Ho_Chi_Minh,208,1008.0,15.0,9.7,110.0,99.0,32.0,2024-12-17T09:00:00
2024-12-17 17:00:00,Hanoi,VN,Asia/Ho_Chi_Minh,181,1008.0,15.0,9.7,98.0,79.0,32.0,2024-12-17T10:00:00
2024-12-17 18:00:00,Hanoi,VN,Asia/Ho_Chi_Minh,171,1512.0,8.0,9.7,94.0,71.0,32.0,2024-12-17T11:00:00
2024-12-17 19:00:00,Hanoi,VN,Asia/Ho_Chi_Minh,215,204.3,30.0,57.0,104.0,104.0,104.0,2024-12-17T12:00:00
2024-12-17 20:00:00,Hanoi,VN,Asia/Ho_Chi_Minh,206,203.3,27.7,55.3,97.7,97.67,99.3,2024-12-17T13:00:00
2024-12-17 21:00:00,Hanoi,VN,Asia/Ho_Chi_Minh,198,202.3,25.3,53.7,91.3,91.33,94.7,2024-12-17T14:00:00
2024-12-17 22:00:00,Hanoi,VN,Asia/Ho_Chi_Minh,189,201.3,23.0,52.0,85.0,85.0,90.0,2024-12-17T15:00:00
2024-12-17 23:00:00,Hanoi,VN,Asia/Ho_Chi_Minh,176,187.5,19.3,56.3,74.7,74.67,94.0,2024-12-17T16:00:00
2024-12-18 00:00:00,Hanoi,VN,Asia/Ho_Chi_Minh,260,806.0,8.0,9.7,138.0,138.0,26.0,2024-12-17T17:00:00
2024-12-18 01:00:00,Hanoi,VN,Asia/Ho_Chi_Minh,150,159.9,12.0,65.0,54.0,54.0,102.0,2024-12-17T18:00:00
2024-12-18 02:00:00,Hanoi,VN,Asia/Ho_Chi_Minh,138,160.7,11.3,66.7,49.3,49.33,108.3,2024-12-17T19:00:00
2024-12-18 03:00:00,Hanoi,VN,Asia/Ho_Chi_Minh,125,161.5,10.7,68.3,44.7,44.67,114.7,2024-12-17T20:00:00
2024-12-18 04:00:00,Hanoi,VN,Asia/Ho_Chi_Minh,112,162.2,10.0,70.0,40.0,40.0,121.0,2024-12-17T21:00:00
2024-12-18 05:00:00,Hanoi,VN,Asia/Ho_Chi_Minh,111,168.3,10.7,67.3,39.3,39.33,119.3,2024-12-17T22:00:00
2024-12-18 06:00:00,Hanoi,VN,Asia/Ho_Chi_Minh,109,174.3,11.3,64.7,38.7,38.67,117.7,2024-12-17T23:00:00
2024-12-18 07:00:00,Hanoi,VN,Asia/Ho_Chi_Minh,107,180.3,12.0,62.0,38.0,38.0,116.0,2024-12-18T00:00:00
2024-12-18 08:00:00,Hanoi,VN,Asia/Ho_Chi_Minh,95,172.0,10.3,71.0,33.0,33.0,118.0,2024-12-18T01:00:00
2024-12-18 09:00:00,Hanoi,VN,Asia/Ho_Chi_Minh,85,163.6,8.7,80.0,28.0,28.0,120.0,2024-12-18T02:00:00
2024-12-18 10:00:00,Hanoi,VN,Asia/Ho_Chi_Minh,74,155.2,7.0,89.0,23.0,23.0,122.0,2024-12-18T03:00:00
2024-12-18 11:00:00,Hanoi,VN,Asia/Ho_Chi_Minh,80,147.1,6.3,100.3,25.7,25.67,119.0,2024-12-18T04:00:00
2024-12-18 12:00:00,Hanoi,VN,Asia/Ho_Chi_Minh,85,138.9,5.7,111.7,28.3,28.33,116.0,2024-12-18T05:00:00
2024-12-18 13:00:00,Hanoi,VN,Asia/Ho_Chi_Minh,91,130.7,5.0,123.0,31.0,31.0,113.0,2024-12-18T06:00:00
2024-12-18 14:00:00,Hanoi,VN,Asia/Ho_Chi_Minh,118,403.0,15.0,9.7,66.0,42.0,26.0,2024-12-18T07:00:00
2024-12-18 15:00:00,Hanoi,VN,Asia/Ho_Chi_Minh,95,128.4,5.7,123.0,33.7,33.0,107.0,2024-12-18T08:00:00
2024-12-18 16:00:00,Hanoi,VN,Asia/Ho_Chi_Minh,98,127.2,6.0,123.0,35.0,34.0,104.0,2024-12-18T09:00:00
2024-12-18 17:00:00,Hanoi,VN,Asia/Ho_Chi_Minh,108,1193.5,9.0,85.2,50.0,38.33,80.0,2024-12-18T10:00:00
2024-12-18 18:00:00,Hanoi,VN,Asia/Ho_Chi_Minh,120,2259.7,12.0,47.5,65.0,42.67,56.0,2024-12-18T11:00:00
2024-12-18 19:00:00,Hanoi,VN,Asia/Ho_Chi_Minh,131,3326.0,15.0,9.7,80.0,47.0,32.0,2024-12-18T12:00:00
2024-12-18 20:00:00,Hanoi,VN,Asia/Ho_Chi_Minh,180,2654.0,15.0,9.7,100.0,78.0,32.0,2024-12-18T13:00:00
2024-12-18 21:00:00,Hanoi,VN,Asia/Ho_Chi_Minh,203,3226.0,15.0,9.7,112.0,95.0,32.0,2024-12-18T14:00:00
2024-12-18 22:00:00,Hanoi,VN,Asia/Ho_Chi_Minh,262,1310.0,15.0,9.7,140.0,140.0,32.0,2024-12-18T15:00:00
2024-12-18 23:00:00,Hanoi,VN,Asia/Ho_Chi_Minh,246,1008.0,15.0,9.7,128.0,128.0,32.0,2024-12-18T16:00:00
2024-12-19 00:00:00,Hanoi,VN,Asia/Ho_Chi_Minh,191,565.8,13.0,43.9,86.0,86.0,59.3,2024-12-18T17:00:00
2024-12-19 01:00:00,Hanoi,VN,Asia/Ho_Chi_Minh,155,193.8,12.0,61.0,59.0,59.0,73.0,2024-12-18T18:00:00
2024-12-19 02:00:00,Hanoi,VN,Asia/Ho_Chi_Minh,186,431.5,13.0,43.9,84.7,82.33,59.3,2024-12-18T19:00:00
2024-12-19 03:00:00,Hanoi,VN,Asia/Ho_Chi_Minh,217,669.3,14.0,26.8,110.3,105.67,45.7,2024-12-18T20:00:00
2024-12-19 04:00:00,Hanoi,VN,Asia/Ho_Chi_Minh,248,907.0,15.0,9.7,136.0,129.0,32.0,2024-12-18T21:00:00
2024-12-19 05:00:00,Hanoi,VN,Asia/Ho_Chi_Minh,248,907.0,15.0,9.7,136.0,129.0,32.0,2024-12-18T22:00:00
2024-12-19 06:00:00,Hanoi,VN,Asia/Ho_Chi_Minh,248,907.0,15.0,9.7,136.0,129.0,32.0,2024-12-18T23:00:00
2024-12-19 07:00:00,Hanoi,VN,Asia/Ho_Chi_Minh,265,907.0,15.0,9.7,142.0,142.0,32.0,2024-12-19T00:00:00
2024-12-19 08:00:00,Hanoi,VN,Asia/Ho_Chi_Minh,216,660.5,13.7,32.5,105.0,105.0,70.3,2024-12-19T01:00:00
2024-12-19 09:00:00,Hanoi,VN,Asia/Ho_Chi_Minh,228,907.0,15.0,9.7,114.0,114.0,32.0,2024-12-19T02:00:00
2024-12-19 10:00:00,Hanoi,VN,Asia/Ho_Chi_Minh,91,167.5,11.0,78.0,31.0,31.0,147.0,2024-12-19T03:00:00
2024-12-19 11:00:00,Hanoi,VN,Asia/Ho_Chi_Minh,97,166.7,10.0,95.0,33.7,33.67,149.7,2024-12-19T04:00:00
2024-12-19 12:00:00,Hanoi,VN,Asia/Ho_Chi_Minh,103,165.9,9.0,112.0,36.3,36.33,152.3,2024-12-19T05:00:00
2024-12-19 13:00:00,Hanoi,VN,Asia/Ho_Chi_Minh,110,165.2,8.0,129.0,39.0,39.0,155.0,2024-12-19T06:00:00
2024-12-19 14:00:00,Hanoi,VN,Asia/Ho_Chi_Minh,131,403.0,15.0,9.7,80.0,47.0,26.0,2024-12-19T07:00:00
2024-12-19 15:00:00,Hanoi,VN,Asia/Ho_Chi_Minh,137,403.0,15.0,9.7,78.0,49.0,26.0,2024-12-19T08:00:00
2024-12-19 16:00:00,Hanoi,VN,Asia/Ho_Chi_Minh,137,706.0,15.0,29.2,76.0,49.0,26.0,2024-12-19T09:00:00
2024-12-19 17:00:00,Hanoi,VN,Asia/Ho_Chi_Minh,137,806.0,15.0,22.7,76.0,49.0,26.0,2024-12-19T10:00:00
2024-12-19 18:00:00,Hanoi,VN,Asia/Ho_Chi_Minh,201,416.6,22.3,57.7,102.7,93.67,96.7,2024-12-19T11:00:00
2024-12-19 19:00:00,Hanoi,VN,Asia/Ho_Chi_Minh,231,272.0,26.0,72.0,116.0,116.0,132.0,2024-12-19T12:00:00
2024-12-19 20:00:00,Hanoi,VN,Asia/Ho_Chi_Minh,235,264.6,23.3,66.3,119.3,119.33,118.0,2024-12-19T13:00:00
2024-12-19 21:00:00,Hanoi,VN,Asia/Ho_Chi_Minh,239,257.2,20.7,60.7,122.7,122.67,104.0,2024-12-19T14:00:00
2024-12-19 22:00:00,Hanoi,VN,Asia/Ho_Chi_Minh,244,249.8,18.0,55.0,126.0,126.0,90.0,2024-12-19T15:00:00
2024-12-19 23:00:00,Hanoi,VN,Asia/Ho_Chi_Minh,230,243.4,16.7,52.7,115.3,115.33,82.7,2024-12-19T16:00:00
2024-12-20 00:00:00,Hanoi,VN,Asia/Ho_Chi_Minh,215,236.9,15.3,50.3,104.7,104.67,75.3,2024-12-19T17:00:00
2024-12-20 01:00:00,Hanoi,VN,Asia/Ho_Chi_Minh,201,230.5,14.0,48.0,94.0,94.0,68.0,2024-12-19T18:00:00
2024-12-20 02:00:00,Hanoi,VN,Asia/Ho_Chi_Minh,188,389.0,14.3,32.7,94.0,84.33,56.0,2024-12-19T19:00:00
2024-12-20 03:00:00,Hanoi,VN,Asia/Ho_Chi_Minh,176,547.5,14.7,17.4,94.0,74.67,44.0,2024-12-19T20:00:00
2024-12-20 04:00:00,Hanoi,VN,Asia/Ho_Chi_Minh,163,706.0,15.0,2.2,94.0,65.0,32.0,2024-12-19T21:00:00
2024-12-20 05:00:00,Hanoi,VN,Asia/Ho_Chi_Minh,163,706.0,15.0,2.2,94.0,65.0,32.0,2024-12-19T22:00:00
2024-12-20 06:00:00,Hanoi,VN,Asia/Ho_Chi_Minh,163,706.0,15.0,2.2,94.0,65.0,32.0,2024-12-19T23:00:00
2024-12-20 07:00:00,Hanoi,VN,Asia/Ho_Chi_Minh,163,706.0,15.0,2.2,94.0,65.0,32.0,2024-12-20T00:00:00
2024-12-20 08:00:00,Hanoi,VN,Asia/Ho_Chi_Minh,240,806.0,8.0,2.2,126.0,123.0,32.0,2024-12-20T01:00:00
2024-12-20 09:00:00,Hanoi,VN,Asia/Ho_Chi_Minh,229,907.0,15.0,5.4,126.0,115.0,32.0,2024-12-20T02:00:00
2024-12-20 10:00:00,Hanoi,VN,Asia/Ho_Chi_Minh,213,806.0,15.0,13.0,120.0,103.0,32.0,2024-12-20T03:00:00
2024-12-20 11:00:00,Hanoi,VN,Asia/Ho_Chi_Minh,200,907.0,15.0,10.8,114.0,93.0,32.0,2024-12-20T04:00:00
2024-12-20 12:00:00,Hanoi,VN,Asia/Ho_Chi_Minh,201,873.3,15.0,14.4,113.3,93.67,28.0,2024-12-20T05:00:00
2024-12-20 13:00:00,Hanoi,VN,Asia/Ho_Chi_Minh,195,907.0,15.0,15.1,110.0,89.0,26.0,2024-12-20T06:00:00
2024-12-20 14:00:00,Hanoi,VN,Asia/Ho_Chi_Minh,189,806.0,15.0,20.5,102.0,85.0,26.0,2024-12-20T07:00:00
2024-12-20 15:00:00,Hanoi,VN,Asia/Ho_Chi_Minh,184,907.0,15.0,18.4,98.0,81.0,32.0,2024-12-20T08:00:00
2024-12-20 16:00:00,Hanoi,VN,Asia/Ho_Chi_Minh,171,806.0,8.0,29.2,94.0,71.0,26.0,2024-12-20T09:00:00
2024-12-20 17:00:00,Hanoi,VN,Asia/Ho_Chi_Minh,165,1411.0,8.0,6.5,92.0,67.0,32.0,2024-12-20T10:00:00
2024-12-20 18:00:00,Hanoi,VN,Asia/Ho_Chi_Minh,173,425.8,16.7,75.7,80.7,73.0,79.3,2024-12-20T11:00:00
2024-12-20 19:00:00,Hanoi,VN,Asia/Ho_Chi_Minh,175,235.8,21.0,99.0,74.0,74.0,106.0,2024-12-20T12:00:00
2024-12-20 20:00:00,Hanoi,VN,Asia/Ho_Chi_Minh,173,238.9,20.0,92.7,72.7,72.67,106.3,2024-12-20T13:00:00
2024-12-20 21:00:00,Hanoi,VN,Asia/Ho_Chi_Minh,171,242.0,19.0,86.3,71.3,71.33,106.7,2024-12-20T14:00:00
2024-12-20 22:00:00,Hanoi,VN,Asia/Ho_Chi_Minh,169,245.1,18.0,80.0,70.0,70.0,107.0,2024-12-20T15:00:00
2024-12-20 23:00:00,Hanoi,VN,Asia/Ho_Chi_Minh,174,243.4,17.0,76.3,73.7,73.67,99.0,2024-12-20T16:00:00
2024-12-21 00:00:00,Hanoi,VN,Asia/Ho_Chi_Minh,179,241.6,16.0,72.7,77.3,77.33,91.0,2024-12-20T17:00:00
2024-12-21 01:00:00,Hanoi,VN,Asia/Ho_Chi_Minh,184,239.9,15.0,69.0,81.0,81.0,83.0,2024-12-20T18:00:00
2024-12-21 02:00:00,Hanoi,VN,Asia/Ho_Chi_Minh,194,251.9,15.7,59.0,88.7,88.33,76.0,2024-12-20T19:00:00
2024-12-21 03:00:00,Hanoi,VN,Asia/Ho_Chi_Minh,204,264.0,16.3,49.0,96.3,95.67,69.0,2024-12-20T20:00:00
2024-12-21 04:00:00,Hanoi,VN,Asia/Ho_Chi_Minh,213,276.0,17.0,39.0,104.0,103.0,62.0,2024-12-20T21:00:00
2024-12-21 05:00:00,Hanoi,VN,Asia/Ho_Chi_Minh,214,287.7,18.3,35.3,104.0,103.33,62.7,2024-12-20T22:00:00
2024-12-21 06:00:00,Hanoi,VN,Asia/Ho_Chi_Minh,214,299.4,19.7,31.7,104.0,103.67,63.3,2024-12-20T23:00:00
2024-12-21 07:00:00,Hanoi,VN,Asia/Ho_Chi_Minh,215,311.1,21.0,28.0,104.0,104.0,64.0,2024-12-21T00:00:00
2024-12-21 08:00:00,Hanoi,VN,Asia/Ho_Chi_Minh,197,509.7,16.7,22.3,100.7,91.0,53.3,2024-12-21T01:00:00
2024-12-21 09:00:00,Hanoi,VN,Asia/Ho_Chi_Minh,180,708.4,12.3,16.5,97.3,78.0,42.7,2024-12-21T02:00:00
2024-12-21 10:00:00,Hanoi,VN,Asia/Ho_Chi_Minh,163,907.0,8.0,10.8,94.0,65.0,32.0,2024-12-21T03:00:00
2024-12-21 11:00:00,Hanoi,VN,Asia/Ho_Chi_Minh,174,873.3,10.3,12.6,98.0,73.67,32.0,2024-12-21T04:00:00
2024-12-21 12:00:00,Hanoi,VN,Asia/Ho_Chi_Minh,179,907.0,15.0,9.7,104.0,77.0,32.0,2024-12-21T05:00:00
2024-12-21 13:00:00,Hanoi,VN,Asia/Ho_Chi_Minh,197,806.0,15.0,16.2,106.0,91.0,32.0,2024-12-21T06:00:00
2024-12-21 14:00:00,Hanoi,VN,Asia/Ho_Chi_Minh,197,706.0,15.0,20.5,106.0,91.0,26.0,2024-12-21T07:00:00
2024-12-21 15:00:00,Hanoi,VN,Asia/Ho_Chi_Minh,197,605.0,15.0,33.5,104.0,91.0,32.0,2024-12-21T08:00:00
2024-12-21 16:00:00,Hanoi,VN,Asia/Ho_Chi_Minh,197,907.0,15.0,25.9,104.0,91.0,32.0,2024-12-21T09:00:00
2024-12-21 17:00:00,Hanoi,VN,Asia/Ho_Chi_Minh,217,1041.3,15.0,20.9,114.7,106.0,32.0,2024-12-21T10:00:00
2024-12-21 18:00:00,Hanoi,VN,Asia/Ho_Chi_Minh,200,1310.0,8.0,16.2,106.0,93.0,32.0,2024-12-21T11:00:00
2024-12-21 19:00:00,Hanoi,VN,Asia/Ho_Chi_Minh,257,1310.0,15.0,10.8,136.0,136.0,32.0,2024-12-21T12:00:00
2024-12-21 20:00:00,Hanoi,VN,Asia/Ho_Chi_Minh,160,1109.0,8.0,7.6,160.0,160.0,32.0,2024-12-21T13:00:00
2024-12-21 21:00:00,Hanoi,VN,Asia/Ho_Chi_Minh,170,1008.0,8.0,7.6,176.0,170.0,32.0,2024-12-21T14:00:00
2024-12-21 22:00:00,Hanoi,VN,Asia/Ho_Chi_Minh,225,358.9,28.0,50.0,112.0,112.0,132.0,2024-12-21T15:00:00
2024-12-21 23:00:00,Hanoi,VN,Asia/Ho_Chi_Minh,190,907.0,15.0,2.2,190.0,190.0,32.0,2024-12-21T16:00:00
2024-12-22 00:00:00,Hanoi,VN,Asia/Ho_Chi_Minh,186,907.0,8.0,2.2,186.0,186.0,32.0,2024-12-21T17:00:00
2024-12-22 01:00:00,Hanoi,VN,Asia/Ho_Chi_Minh,180,907.0,15.0,3.2,180.0,180.0,32.0,2024-12-21T18:00:00
2024-12-22 02:00:00,Hanoi,VN,Asia/Ho_Chi_Minh,174,806.0,15.0,4.3,174.0,174.0,32.0,2024-12-21T19:00:00
2024-12-22 03:00:00,Hanoi,VN,Asia/Ho_Chi_Minh,176,806.0,15.0,2.2,176.0,176.0,32.0,2024-12-21T20:00:00
2024-12-22 04:00:00,Hanoi,VN,Asia/Ho_Chi_Minh,164,211.8,10.0,71.0,67.0,66.0,85.0,2024-12-21T21:00:00
2024-12-22 05:00:00,Hanoi,VN,Asia/Ho_Chi_Minh,182,806.0,15.0,2.2,182.0,182.0,26.0,2024-12-21T22:00:00
2024-12-22 06:00:00,Hanoi,VN,Asia/Ho_Chi_Minh,182,706.0,8.0,2.2,182.0,182.0,32.0,2024-12-21T23:00:00
2024-12-22 07:00:00,Hanoi,VN,Asia/Ho_Chi_Minh,178,706.0,8.0,4.3,178.0,178.0,32.0,2024-12-22T00:00:00
2024-12-22 08:00:00,Hanoi,VN,Asia/Ho_Chi_Minh,170,706.0,15.0,4.3,170.0,170.0,32.0,2024-12-22T01:00:00
2024-12-22 09:00:00,Hanoi,VN,Asia/Ho_Chi_Minh,162,806.0,8.0,4.3,162.0,162.0,32.0,2024-12-22T02:00:00
2024-12-22 10:00:00,Hanoi,VN,Asia/Ho_Chi_Minh,145,190.3,9.0,91.0,52.0,52.0,139.0,2024-12-22T03:00:00
2024-12-22 11:00:00,Hanoi,VN,Asia/Ho_Chi_Minh,156,806.0,15.0,11.9,156.0,156.0,32.0,2024-12-22T04:00:00
2024-12-22 12:00:00,Hanoi,VN,Asia/Ho_Chi_Minh,254,806.0,15.0,17.3,134.0,134.0,26.0,2024-12-22T05:00:00
2024-12-22 13:00:00,Hanoi,VN,Asia/Ho_Chi_Minh,241,1008.0,15.0,15.1,124.0,124.0,32.0,2024-12-22T06:00:00
2024-12-22 14:00:00,Hanoi,VN,Asia/Ho_Chi_Minh,224,806.0,15.0,30.3,134.0,111.0,26.0,2024-12-22T07:00:00
2024-12-22 15:00:00,Hanoi,VN,Asia/Ho_Chi_Minh,213,907.0,15.0,28.1,132.0,103.0,26.0,2024-12-22T08:00:00
2024-12-22 16:00:00,Hanoi,VN,Asia/Ho_Chi_Minh,153,172.7,9.0,155.0,55.0,55.0,121.0,2024-12-22T09:00:00
2024-12-22 17:00:00,Hanoi,VN,Asia/Ho_Chi_Minh,195,907.0,15.0,29.2,122.0,89.0,32.0,2024-12-22T10:00:00
2024-12-22 18:00:00,Hanoi,VN,Asia/Ho_Chi_Minh,195,706.0,15.0,30.3,122.0,89.0,32.0,2024-12-22T11:00:00
2024-12-22 19:00:00,Hanoi,VN,Asia/Ho_Chi_Minh,205,1411.0,15.0,9.7,126.0,97.0,32.0,2024-12-22T12:00:00
2024-12-22 20:00:00,Hanoi,VN,Asia/Ho_Chi_Minh,216,1814.0,15.0,3.2,130.0,105.0,32.0,2024-12-22T13:00:00
2024-12-22 21:00:00,Hanoi,VN,Asia/Ho_Chi_Minh,223,661.8,20.3,43.2,120.7,110.33,76.7,2024-12-22T14:00:00
2024-12-22 22:00:00,Hanoi,VN,Asia/Ho_Chi_Minh,232,287.1,23.0,60.0,118.0,117.0,99.0,2024-12-22T15:00:00
2024-12-22 23:00:00,Hanoi,VN,Asia/Ho_Chi_Minh,242,527.4,20.3,40.7,130.7,124.33,76.7,2024-12-22T16:00:00
2024-12-23 00:00:00,Hanoi,VN,Asia/Ho_Chi_Minh,264,1109.0,15.0,2.2,160.0,141.0,32.0,2024-12-22T17:00:00
2024-12-23 01:00:00,Hanoi,VN,Asia/Ho_Chi_Minh,261,1008.0,15.0,2.2,156.0,139.0,32.0,2024-12-22T18:00:00
2024-12-23 02:00:00,Hanoi,VN,Asia/Ho_Chi_Minh,253,1008.0,8.0,2.2,150.0,133.0,32.0,2024-12-22T19:00:00
2024-12-23 03:00:00,Hanoi,VN,Asia/Ho_Chi_Minh,249,1008.0,15.0,1.4,146.7,129.67,32.0,2024-12-22T20:00:00
2024-12-23 04:00:00,Hanoi,VN,Asia/Ho_Chi_Minh,242,1008.0,15.0,1.1,142.0,125.0,32.0,2024-12-22T21:00:00
2024-12-23 05:00:00,Hanoi,VN,Asia/Ho_Chi_Minh,242,1008.0,15.0,1.1,142.0,125.0,32.0,2024-12-22T22:00:00
2024-12-23 06:00:00,Hanoi,VN,Asia/Ho_Chi_Minh,242,1008.0,15.0,1.1,142.0,125.0,32.0,2024-12-22T23:00:00
2024-12-23 07:00:00,Hanoi,VN,Asia/Ho_Chi_Minh,253,302.9,21.0,25.0,133.0,133.0,57.0,2024-12-23T00:00:00
2024-12-23 08:00:00,Hanoi,VN,Asia/Ho_Chi_Minh,160,907.0,15.0,2.2,190.0,160.0,32.0,2024-12-23T01:00:00
2024-12-23 09:00:00,Hanoi,VN,Asia/Ho_Chi_Minh,162,773.0,12.3,16.3,181.7,162.33,40.3,2024-12-23T02:00:00
2024-12-23 10:00:00,Hanoi,VN,Asia/Ho_Chi_Minh,177,1008.0,8.0,11.9,206.0,177.0,32.0,2024-12-23T03:00:00
2024-12-23 11:00:00,Hanoi,VN,Asia/Ho_Chi_Minh,171,1008.0,8.0,21.6,194.0,171.0,32.0,2024-12-23T04:00:00
2024-12-23 12:00:00,Hanoi,VN,Asia/Ho_Chi_Minh,155,907.0,15.0,29.2,174.0,155.0,26.0,2024-12-23T05:00:00
2024-12-23 13:00:00,Hanoi,VN,Asia/Ho_Chi_Minh,256,706.0,8.0,37.8,158.0,135.0,26.0,2024-12-23T06:00:00
2024-12-23 14:00:00,Hanoi,VN,Asia/Ho_Chi_Minh,221,504.0,15.0,40.0,142.0,109.0,26.0,2024-12-23T07:00:00
2024-12-23 15:00:00,Hanoi,VN,Asia/Ho_Chi_Minh,193,356.3,8.0,118.6,96.0,87.67,114.0,2024-12-23T08:00:00
2024-12-23 16:00:00,Hanoi,VN,Asia/Ho_Chi_Minh,161,181.5,8.0,159.0,65.0,64.0,158.0,2024-12-23T09:00:00
2024-12-23 17:00:00,Hanoi,VN,Asia/Ho_Chi_Minh,178,1465.0,10.3,106.4,82.7,76.33,116.0,2024-12-23T10:00:00
2024-12-23 18:00:00,Hanoi,VN,Asia/Ho_Chi_Minh,181,2722.0,8.0,2.2,104.0,79.0,32.0,2024-12-23T11:00:00
2024-12-23 19:00:00,Hanoi,VN,Asia/Ho_Chi_Minh,211,4032.0,15.0,1.1,118.0,101.0,32.0,2024-12-23T12:00:00
2024-12-23 20:00:00,Hanoi,VN,Asia/Ho_Chi_Minh,216,2797.9,16.7,21.4,116.7,105.33,57.3,2024-12-23T13:00:00
2024-12-23 21:00:00,Hanoi,VN,Asia/Ho_Chi_Minh,261,3427.0,15.0,1.1,148.0,139.0,32.0,2024-12-23T14:00:00
2024-12-23 22:00:00,Hanoi,VN,Asia/Ho_Chi_Minh,228,329.7,20.0,62.0,114.0,114.0,108.0,2024-12-23T15:00:00
2024-12-23 23:00:00,Hanoi,VN,Asia/Ho_Chi_Minh,208,305.6,17.0,67.7,98.7,98.67,107.0,2024-12-23T16:00:00
2024-12-24 00:00:00,Hanoi,VN,Asia/Ho_Chi_Minh,187,281.5,14.0,73.3,83.3,83.33,106.0,2024-12-23T17:00:00
2024-12-24 01:00:00,Hanoi,VN,Asia/Ho_Chi_Minh,167,257.4,11.0,79.0,68.0,68.0,105.0,2024-12-23T18:00:00
2024-12-24 02:00:00,Hanoi,VN,Asia/Ho_Chi_Minh,212,541.2,12.3,55.5,111.3,102.33,80.7,2024-12-23T19:00:00
2024-12-24 03:00:00,Hanoi,VN,Asia/Ho_Chi_Minh,258,825.1,13.7,32.1,154.7,136.67,56.3,2024-12-23T20:00:00
2024-12-24 04:00:00,Hanoi,VN,Asia/Ho_Chi_Minh,171,1109.0,15.0,8.6,198.0,171.0,32.0,2024-12-23T21:00:00
2024-12-24 05:00:00,Hanoi,VN,Asia/Ho_Chi_Minh,253,815.2,13.3,25.8,150.7,132.67,63.3,2024-12-23T22:00:00
2024-12-24 06:00:00,Hanoi,VN,Asia/Ho_Chi_Minh,202,521.4,11.7,42.9,103.3,94.33,94.7,2024-12-23T23:00:00
2024-12-24 07:00:00,Hanoi,VN,Asia/Ho_Chi_Minh,151,227.6,10.0,60.0,56.0,56.0,126.0,2024-12-24T00:00:00
2024-12-24 08:00:00,Hanoi,VN,Asia/Ho_Chi_Minh,173,353.4,11.7,45.8,82.0,72.33,94.7,2024-12-24T01:00:00
2024-12-24 09:00:00,Hanoi,VN,Asia/Ho_Chi_Minh,194,479.2,13.3,31.5,108.0,88.67,63.3,2024-12-24T02:00:00
2024-12-24 10:00:00,Hanoi,VN,Asia/Ho_Chi_Minh,216,605.0,15.0,17.3,134.0,105.0,32.0,2024-12-24T03:00:00
2024-12-24 11:00:00,Hanoi,VN,Asia/Ho_Chi_Minh,203,605.0,15.0,22.7,120.0,95.0,26.0,2024-12-24T04:00:00
2024-12-24 12:00:00,Hanoi,VN,Asia/Ho_Chi_Minh,192,504.0,8.0,28.1,114.0,87.0,26.0,2024-12-24T05:00:00
2024-12-24 13:00:00,Hanoi,VN,Asia/Ho_Chi_Minh,151,193.2,7.0,127.0,56.0,56.0,154.0,2024-12-24T06:00:00
2024-12-24 14:00:00,Hanoi,VN,Asia/Ho_Chi_Minh,184,605.0,15.0,27.0,112.0,81.0,26.0,2024-12-24T07:00:00
2024-12-24 15:00:00,Hanoi,VN,Asia/Ho_Chi_Minh,148,601.7,7.7,57.5,76.0,53.33,68.7,2024-12-24T08:00:00
2024-12-24 16:00:00,Hanoi,VN,Asia/Ho_Chi_Minh,145,806.0,8.0,22.7,86.0,52.0,26.0,2024-12-24T09:00:00
2024-12-24 17:00:00,Hanoi,VN,Asia/Ho_Chi_Minh,145,1310.0,8.0,14.1,82.0,52.0,32.0,2024-12-24T10:00:00
2024-12-24 18:00:00,Hanoi,VN,Asia/Ho_Chi_Minh,160,2117.0,15.0,4.3,88.0,63.0,32.0,2024-12-24T11:00:00
2024-12-24 19:00:00,Hanoi,VN,Asia/Ho_Chi_Minh,233,277.2,25.0,80.0,119.0,118.0,127.0,2024-12-24T12:00:00
2024-12-24 20:00:00,Hanoi,VN,Asia/Ho_Chi_Minh,173,1008.0,8.0,7.6,98.0,73.0,32.0,2024-12-24T13:00:00
2024-12-24 21:00:00,Hanoi,VN,Asia/Ho_Chi_Minh,254,300.6,24.3,64.0,135.0,134.0,116.3,2024-12-24T14:00:00
2024-12-24 22:00:00,Hanoi,VN,Asia/Ho_Chi_Minh,265,312.2,24.0,56.0,143.0,142.0,111.0,2024-12-24T15:00:00
2024-12-24 23:00:00,Hanoi,VN,Asia/Ho_Chi_Minh,261,1714.0,15.0,1.1,166.0,139.0,32.0,2024-12-24T16:00:00
2024-12-25 00:00:00,Hanoi,VN,Asia/Ho_Chi_Minh,273,1512.0,15.0,1.1,174.0,148.0,32.0,2024-12-24T17:00:00
2024-12-25 01:00:00,Hanoi,VN,Asia/Ho_Chi_Minh,273,328.0,24.0,31.0,149.0,148.0,82.0,2024-12-24T18:00:00
2024-12-25 02:00:00,Hanoi,VN,Asia/Ho_Chi_Minh,159,1008.0,15.0,2.2,190.0,159.0,32.0,2024-12-24T19:00:00
2024-12-25 03:00:00,Hanoi,VN,Asia/Ho_Chi_Minh,173,907.0,15.0,2.2,202.0,173.0,32.0,2024-12-24T20:00:00
2024-12-25 04:00:00,Hanoi,VN,Asia/Ho_Chi_Minh,194,806.0,15.0,2.2,224.0,194.0,32.0,2024-12-24T21:00:00
2024-12-25 05:00:00,Hanoi,VN,Asia/Ho_Chi_Minh,190,806.0,8.0,2.2,220.0,190.0,32.0,2024-12-24T22:00:00
2024-12-25 06:00:00,Hanoi,VN,Asia/Ho_Chi_Minh,182,1109.0,8.0,2.2,214.0,182.0,32.0,2024-12-24T23:00:00
2024-12-25 07:00:00,Hanoi,VN,Asia/Ho_Chi_Minh,208,283.0,18.0,23.0,99.0,99.0,56.0,2024-12-25T00:00:00
2024-12-25 08:00:00,Hanoi,VN,Asia/Ho_Chi_Minh,177,1915.0,8.0,1.1,210.0,177.0,32.0,2024-12-25T01:00:00
2024-12-25 09:00:00,Hanoi,VN,Asia/Ho_Chi_Minh,176,1613.0,15.0,1.1,210.0,176.0,32.0,2024-12-25T02:00:00
2024-12-25 10:00:00,Hanoi,VN,Asia/Ho_Chi_Minh,174,1411.0,15.0,2.2,206.0,174.0,32.0,2024-12-25T03:00:00
2024-12-25 11:00:00,Hanoi,VN,Asia/Ho_Chi_Minh,167,1210.0,8.0,3.2,198.0,167.0,32.0,2024-12-25T04:00:00
2024-12-25 12:00:00,Hanoi,VN,Asia/Ho_Chi_Minh,155,1310.0,15.0,6.5,178.0,155.0,32.0,2024-12-25T05:00:00
2024-12-25 13:00:00,Hanoi,VN,Asia/Ho_Chi_Minh,157,173.3,10.0,149.0,61.0,61.0,165.0,2024-12-25T06:00:00
2024-12-25 14:00:00,Hanoi,VN,Asia/Ho_Chi_Minh,151,1109.0,15.0,13.0,168.0,151.0,32.0,2024-12-25T07:00:00
2024-12-25 15:00:00,Hanoi,VN,Asia/Ho_Chi_Minh,270,1210.0,15.0,10.8,154.0,146.0,32.0,2024-12-25T08:00:00
2024-12-25 16:00:00,Hanoi,VN,Asia/Ho_Chi_Minh,269,1210.0,15.0,11.9,148.0,145.0,32.0,2024-12-25T09:00:00
2024-12-25 17:00:00,Hanoi,VN,Asia/Ho_Chi_Minh,265,1008.0,15.0,15.1,142.0,142.0,32.0,2024-12-25T10:00:00
2024-12-25 18:00:00,Hanoi,VN,Asia/Ho_Chi_Minh,258,1075.3,15.0,13.3,140.0,137.0,32.0,2024-12-25T11:00:00
2024-12-25 19:00:00,Hanoi,VN,Asia/Ho_Chi_Minh,253,1008.0,15.0,14.1,136.0,133.0,32.0,2024-12-25T12:00:00
2024-12-25 20:00:00,Hanoi,VN,Asia/Ho_Chi_Minh,253,1512.0,15.0,2.2,148.0,133.0,32.0,2024-12-25T13:00:00
2024-12-25 21:00:00,Hanoi,VN,Asia/Ho_Chi_Minh,258,1109.0,15.0,5.4,154.0,137.0,32.0,2024-12-25T14:00:00
2024-12-25 22:00:00,Hanoi,VN,Asia/Ho_Chi_Minh,236,258.5,22.0,64.0,120.0,120.0,105.0,2024-12-25T15:00:00
2024-12-25 23:00:00,Hanoi,VN,Asia/Ho_Chi_Minh,230,260.3,21.7,57.7,115.7,115.33,100.3,2024-12-25T16:00:00
2024-12-26 00:00:00,Hanoi,VN,Asia/Ho_Chi_Minh,223,262.0,21.3,51.3,111.3,110.67,95.7,2024-12-25T17:00:00
2024-12-26 01:00:00,Hanoi,VN,Asia/Ho_Chi_Minh,217,263.8,21.0,45.0,107.0,106.0,91.0,2024-12-25T18:00:00
2024-12-26 02:00:00,Hanoi,VN,Asia/Ho_Chi_Minh,223,267.9,21.0,40.3,111.3,110.33,86.7,2024-12-25T19:00:00
2024-12-26 03:00:00,Hanoi,VN,Asia/Ho_Chi_Minh,229,272.0,21.0,35.7,115.7,114.67,82.3,2024-12-25T20:00:00
2024-12-26 04:00:00,Hanoi,VN,Asia/Ho_Chi_Minh,235,276.0,21.0,31.0,120.0,119.0,78.0,2024-12-25T21:00:00
2024-12-26 05:00:00,Hanoi,VN,Asia/Ho_Chi_Minh,237,277.0,20.7,32.7,121.3,120.67,80.7,2024-12-25T22:00:00
2024-12-26 06:00:00,Hanoi,VN,Asia/Ho_Chi_Minh,239,278.0,20.3,34.3,122.7,122.33,83.3,2024-12-25T23:00:00
2024-12-26 07:00:00,Hanoi,VN,Asia/Ho_Chi_Minh,241,279.0,20.0,36.0,124.0,124.0,86.0,2024-12-26T00:00:00
2024-12-26 08:00:00,Hanoi,VN,Asia/Ho_Chi_Minh,216,255.0,16.3,51.3,105.3,105.33,106.7,2024-12-26T01:00:00
2024-12-26 09:00:00,Hanoi,VN,Asia/Ho_Chi_Minh,192,231.1,12.7,66.7,86.7,86.67,127.3,2024-12-26T02:00:00
2024-12-26 10:00:00,Hanoi,VN,Asia/Ho_Chi_Minh,167,207.2,9.0,82.0,68.0,68.0,148.0,2024-12-26T03:00:00
2024-12-26 11:00:00,Hanoi,VN,Asia/Ho_Chi_Minh,189,373.5,11.0,64.8,88.7,85.0,109.3,2024-12-26T04:00:00
2024-12-26 12:00:00,Hanoi,VN,Asia/Ho_Chi_Minh,212,539.7,13.0,47.5,109.3,102.0,70.7,2024-12-26T05:00:00
2024-12-26 13:00:00,Hanoi,VN,Asia/Ho_Chi_Minh,235,706.0,15.0,30.3,130.0,119.0,32.0,2024-12-26T06:00:00
2024-12-26 14:00:00,Hanoi,VN,Asia/Ho_Chi_Minh,219,605.0,8.0,35.7,120.0,107.0,32.0,2024-12-26T07:00:00
2024-12-26 15:00:00,Hanoi,VN,Asia/Ho_Chi_Minh,203,605.0,15.0,36.8,102.0,95.0,32.0,2024-12-26T08:00:00
2024-12-26 16:00:00,Hanoi,VN,Asia/Ho_Chi_Minh,153,197.3,12.0,103.0,58.0,58.0,176.0,2024-12-26T09:00:00
2024-12-26 17:00:00,Hanoi,VN,Asia/Ho_Chi_Minh,187,706.0,15.0,31.4,94.0,83.0,32.0,2024-12-26T10:00:00
2024-12-26 18:00:00,Hanoi,VN,Asia/Ho_Chi_Minh,179,907.0,15.0,22.7,92.0,77.0,32.0,2024-12-26T11:00:00
2024-12-26 19:00:00,Hanoi,VN,Asia/Ho_Chi_Minh,189,1109.0,15.0,10.8,102.0,85.0,32.0,2024-12-26T12:00:00
2024-12-26 20:00:00,Hanoi,VN,Asia/Ho_Chi_Minh,197,1310.0,15.0,3.2,108.0,91.0,32.0,2024-12-26T13:00:00
2024-12-26 21:00:00,Hanoi,VN,Asia/Ho_Chi_Minh,200,907.0,15.0,6.5,112.0,93.0,32.0,2024-12-26T14:00:00
2024-12-26 22:00:00,Hanoi,VN,Asia/Ho_Chi_Minh,142,193.8,14.0,65.0,51.0,51.0,141.0,2024-12-26T15:00:00
2024-12-26 23:00:00,Hanoi,VN,Asia/Ho_Chi_Minh,197,706.0,15.0,11.9,112.0,91.0,32.0,2024-12-26T16:00:00
2024-12-27 00:00:00,Hanoi,VN,Asia/Ho_Chi_Minh,187,605.0,15.0,17.3,106.0,83.0,32.0,2024-12-26T17:00:00
2024-12-27 01:00:00,Hanoi,VN,Asia/Ho_Chi_Minh,118,183.8,11.0,61.0,42.0,42.0,125.0,2024-12-26T18:00:00
2024-12-27 02:00:00,Hanoi,VN,Asia/Ho_Chi_Minh,123,181.7,10.0,63.0,44.0,44.0,124.3,2024-12-26T19:00:00
2024-12-27 03:00:00,Hanoi,VN,Asia/Ho_Chi_Minh,129,179.6,9.0,65.0,46.0,46.0,123.7,2024-12-26T20:00:00
2024-12-27 04:00:00,Hanoi,VN,Asia/Ho_Chi_Minh,134,177.4,8.0,67.0,48.0,48.0,123.0,2024-12-26T21:00:00
2024-12-27 05:00:00,Hanoi,VN,Asia/Ho_Chi_Minh,134,183.3,8.3,65.7,48.0,48.0,125.0,2024-12-26T22:00:00
2024-12-27 06:00:00,Hanoi,VN,Asia/Ho_Chi_Minh,134,189.1,8.7,64.3,48.0,48.0,127.0,2024-12-26T23:00:00
2024-12-27 07:00:00,Hanoi,VN,Asia/Ho_Chi_Minh,134,194.9,9.0,63.0,48.0,48.0,129.0,2024-12-27T00:00:00
2024-12-27 08:00:00,Hanoi,VN,Asia/Ho_Chi_Minh,137,200.0,9.3,64.0,49.3,49.0,132.7,2024-12-27T01:00:00
2024-12-27 09:00:00,Hanoi,VN,Asia/Ho_Chi_Minh,139,205.0,9.7,65.0,50.7,50.0,136.3,2024-12-27T02:00:00
2024-12-27 10:00:00,Hanoi,VN,Asia/Ho_Chi_Minh,142,210.1,10.0,66.0,52.0,51.0,140.0,2024-12-27T03:00:00
2024-12-27 11:00:00,Hanoi,VN,Asia/Ho_Chi_Minh,145,207.2,9.7,71.0,53.0,52.0,137.7,2024-12-27T04:00:00
2024-12-27 12:00:00,Hanoi,VN,Asia/Ho_Chi_Minh,148,204.3,9.3,76.0,54.0,53.0,135.3,2024-12-27T05:00:00
2024-12-27 13:00:00,Hanoi,VN,Asia/Ho_Chi_Minh,150,201.3,9.0,81.0,55.0,54.0,133.0,2024-12-27T06:00:00
2024-12-27 14:00:00,Hanoi,VN,Asia/Ho_Chi_Minh,152,196.1,9.3,82.3,58.0,57.0,129.7,2024-12-27T07:00:00
2024-12-27 15:00:00,Hanoi,VN,Asia/Ho_Chi_Minh,156,190.8,9.7,83.7,61.0,60.0,126.3,2024-12-27T08:00:00
2024-12-27 16:00:00,Hanoi,VN,Asia/Ho_Chi_Minh,160,185.6,10.0,85.0,64.0,63.0,123.0,2024-12-27T09:00:00
2024-12-27 17:00:00,Hanoi,VN,Asia/Ho_Chi_Minh,152,182.5,10.0,81.0,57.3,56.67,119.7,2024-12-27T10:00:00
2024-12-27 18:00:00,Hanoi,VN,Asia/Ho_Chi_Minh,140,179.4,10.0,77.0,50.7,50.33,116.3,2024-12-27T11:00:00
2024-12-27 19:00:00,Hanoi,VN,Asia/Ho_Chi_Minh,123,176.2,10.0,73.0,44.0,44.0,113.0,2024-12-27T12:00:00
2024-12-27 20:00:00,Hanoi,VN,Asia/Ho_Chi_Minh,116,172.6,9.3,72.0,41.3,41.33,108.3,2024-12-27T13:00:00
2024-12-27 21:00:00,Hanoi,VN,Asia/Ho_Chi_Minh,109,168.9,8.7,71.0,38.7,38.67,103.7,2024-12-27T14:00:00
2024-12-27 22:00:00,Hanoi,VN,Asia/Ho_Chi_Minh,102,165.2,8.0,70.0,36.0,36.0,99.0,2024-12-27T15:00:00
2024-12-27 23:00:00,Hanoi,VN,Asia/Ho_Chi_Minh,102,160.7,7.7,69.7,36.0,36.0,95.0,2024-12-27T16:00:00
2024-12-28 00:00:00,Hanoi,VN,Asia/Ho_Chi_Minh,102,156.2,7.3,69.3,36.0,36.0,91.0,2024-12-27T17:00:00
2024-12-28 01:00:00,Hanoi,VN,Asia/Ho_Chi_Minh,102,151.7,7.0,69.0,36.0,36.0,87.0,2024-12-27T18:00:00
2024-12-28 02:00:00,Hanoi,VN,Asia/Ho_Chi_Minh,91,302.0,15.0,19.5,35.0,31.0,26.0,2024-12-27T19:00:00
2024-12-28 03:00:00,Hanoi,VN,Asia/Ho_Chi_Minh,99,251.9,12.3,36.7,38.0,34.67,46.3,2024-12-27T20:00:00
2024-12-28 04:00:00,Hanoi,VN,Asia/Ho_Chi_Minh,98,302.0,15.0,20.5,39.0,34.0,26.0,2024-12-27T21:00:00
2024-12-28 05:00:00,Hanoi,VN,Asia/Ho_Chi_Minh,99,369.3,12.7,15.1,44.7,34.67,26.0,2024-12-27T22:00:00
2024-12-28 06:00:00,Hanoi,VN,Asia/Ho_Chi_Minh,95,302.0,15.0,7.6,52.0,33.0,26.0,2024-12-27T23:00:00
2024-12-28 07:00:00,Hanoi,VN,Asia/Ho_Chi_Minh,102,504.0,8.0,4.3,56.0,36.0,26.0,2024-12-28T00:00:00
2024-12-28 08:00:00,Hanoi,VN,Asia/Ho_Chi_Minh,110,1008.0,15.0,3.2,60.0,39.0,26.0,2024-12-28T01:00:00
2024-12-28 09:00:00,Hanoi,VN,Asia/Ho_Chi_Minh,114,504.0,12.7,10.8,61.3,40.67,26.0,2024-12-28T02:00:00
2024-12-28 10:00:00,Hanoi,VN,Asia/Ho_Chi_Minh,121,504.0,15.0,14.1,64.0,43.0,26.0,2024-12-28T03:00:00
2024-12-28 11:00:00,Hanoi,VN,Asia/Ho_Chi_Minh,118,504.0,15.0,15.1,64.0,42.0,26.0,2024-12-28T04:00:00
2024-12-28 12:00:00,Hanoi,VN,Asia/Ho_Chi_Minh,115,403.0,15.0,24.9,60.0,41.0,26.0,2024-12-28T05:00:00
2024-12-28 13:00:00,Hanoi,VN,Asia/Ho_Chi_Minh,107,403.0,15.0,22.7,58.0,38.0,26.0,2024-12-28T06:00:00
2024-12-28 14:00:00,Hanoi,VN,Asia/Ho_Chi_Minh,100,403.0,15.0,25.9,54.0,35.0,26.0,2024-12-28T07:00:00
2024-12-28 15:00:00,Hanoi,VN,Asia/Ho_Chi_Minh,102,403.0,15.0,24.9,51.3,36.0,26.0,2024-12-28T08:00:00
2024-12-28 16:00:00,Hanoi,VN,Asia/Ho_Chi_Minh,100,403.0,15.0,25.9,48.0,35.0,26.0,2024-12-28T09:00:00
2024-12-28 17:00:00,Hanoi,VN,Asia/Ho_Chi_Minh,110,873.3,15.0,18.0,55.3,39.0,28.0,2024-12-28T10:00:00
2024-12-28 18:00:00,Hanoi,VN,Asia/Ho_Chi_Minh,104,1310.0,8.0,6.5,49.0,37.0,26.0,2024-12-28T11:00:00
2024-12-28 19:00:00,Hanoi,VN,Asia/Ho_Chi_Minh,131,1814.0,15.0,2.2,70.0,47.0,32.0,2024-12-28T12:00:00
2024-12-28 20:00:00,Hanoi,VN,Asia/Ho_Chi_Minh,157,2150.0,12.7,1.8,86.7,61.0,32.0,2024-12-28T13:00:00
2024-12-28 21:00:00,Hanoi,VN,Asia/Ho_Chi_Minh,165,1915.0,8.0,1.1,96.0,67.0,32.0,2024-12-28T14:00:00
2024-12-28 22:00:00,Hanoi,VN,Asia/Ho_Chi_Minh,195,2822.0,8.0,1.1,120.0,89.0,32.0,2024-12-28T15:00:00
2024-12-28 23:00:00,Hanoi,VN,Asia/Ho_Chi_Minh,203,1310.0,15.0,1.1,124.0,95.0,32.0,2024-12-28T16:00:00
2024-12-29 00:00:00,Hanoi,VN,Asia/Ho_Chi_Minh,208,1210.0,15.0,2.2,124.0,99.0,32.0,2024-12-28T17:00:00
2024-12-29 01:00:00,Hanoi,VN,Asia/Ho_Chi_Minh,205,1109.0,15.0,2.2,122.0,97.0,32.0,2024-12-28T18:00:00
2024-12-29 02:00:00,Hanoi,VN,Asia/Ho_Chi_Minh,207,1075.3,12.7,2.2,124.0,98.33,32.0,2024-12-28T19:00:00
2024-12-29 03:00:00,Hanoi,VN,Asia/Ho_Chi_Minh,197,1109.0,15.0,1.1,118.0,91.0,32.0,2024-12-28T20:00:00
2024-12-29 04:00:00,Hanoi,VN,Asia/Ho_Chi_Minh,211,1008.0,8.0,2.2,128.0,101.0,32.0,2024-12-28T21:00:00
2024-12-29 05:00:00,Hanoi,VN,Asia/Ho_Chi_Minh,211,907.0,8.0,2.2,136.0,101.0,32.0,2024-12-28T22:00:00
2024-12-29 06:00:00,Hanoi,VN,Asia/Ho_Chi_Minh,219,907.0,15.0,1.1,144.0,107.0,32.0,2024-12-28T23:00:00
2024-12-29 07:00:00,Hanoi,VN,Asia/Ho_Chi_Minh,208,1008.0,8.0,1.1,132.0,99.0,32.0,2024-12-29T00:00:00
2024-12-29 08:00:00,Hanoi,VN,Asia/Ho_Chi_Minh,187,1041.7,10.3,1.4,113.3,83.0,32.0,2024-12-29T01:00:00
2024-12-29 09:00:00,Hanoi,VN,Asia/Ho_Chi_Minh,184,1210.0,8.0,1.1,108.0,81.0,32.0,2024-12-29T02:00:00
2024-12-29 10:00:00,Hanoi,VN,Asia/Ho_Chi_Minh,142,1109.0,15.0,2.2,76.0,51.0,32.0,2024-12-29T03:00:00
2024-12-29 11:00:00,Hanoi,VN,Asia/Ho_Chi_Minh,142,907.0,15.0,5.4,76.0,51.0,32.0,2024-12-29T04:00:00
2024-12-29 12:00:00,Hanoi,VN,Asia/Ho_Chi_Minh,142,806.0,15.0,14.1,78.0,51.0,32.0,2024-12-29T05:00:00
2024-12-29 13:00:00,Hanoi,VN,Asia/Ho_Chi_Minh,142,605.0,15.0,31.4,82.0,51.0,26.0,2024-12-29T06:00:00
2024-12-29 14:00:00,Hanoi,VN,Asia/Ho_Chi_Minh,149,477.5,13.3,69.9,74.7,53.67,49.7,2024-12-29T07:00:00
2024-12-29 15:00:00,Hanoi,VN,Asia/Ho_Chi_Minh,142,605.0,15.0,34.6,80.0,51.0,26.0,2024-12-29T08:00:00
2024-12-29 16:00:00,Hanoi,VN,Asia/Ho_Chi_Minh,155,222.4,10.0,147.0,60.0,59.0,97.0,2024-12-29T09:00:00
2024-12-29 17:00:00,Hanoi,VN,Asia/Ho_Chi_Minh,167,256.4,14.0,129.7,68.7,68.0,100.0,2024-12-29T10:00:00
2024-12-29 18:00:00,Hanoi,VN,Asia/Ho_Chi_Minh,179,290.4,18.0,112.3,77.3,77.0,103.0,2024-12-29T11:00:00
2024-12-29 19:00:00,Hanoi,VN,Asia/Ho_Chi_Minh,191,324.5,22.0,95.0,86.0,86.0,106.0,2024-12-29T12:00:00
2024-12-29 20:00:00,Hanoi,VN,Asia/Ho_Chi_Minh,188,321.2,20.7,89.0,84.3,84.33,108.0,2024-12-29T13:00:00
2024-12-29 21:00:00,Hanoi,VN,Asia/Ho_Chi_Minh,186,317.9,19.3,83.0,82.7,82.67,110.0,2024-12-29T14:00:00
2024-12-29 22:00:00,Hanoi,VN,Asia/Ho_Chi_Minh,184,314.6,18.0,77.0,81.0,81.0,112.0,2024-12-29T15:00:00
2024-12-29 23:00:00,Hanoi,VN,Asia/Ho_Chi_Minh,186,302.3,17.0,73.3,82.7,82.33,104.3,2024-12-29T16:00:00
2024-12-30 00:00:00,Hanoi,VN,Asia/Ho_Chi_Minh,188,290.0,16.0,69.7,84.3,83.67,96.7,2024-12-29T17:00:00
2024-12-30 01:00:00,Hanoi,VN,Asia/Ho_Chi_Minh,189,277.8,15.0,66.0,86.0,85.0,89.0,2024-12-29T18:00:00
2024-12-30 02:00:00,Hanoi,VN,Asia/Ho_Chi_Minh,191,269.6,14.3,65.0,87.3,86.33,84.7,2024-12-29T19:00:00
2024-12-30 03:00:00,Hanoi,VN,Asia/Ho_Chi_Minh,193,261.5,13.7,64.0,88.7,87.67,80.3,2024-12-29T20:00:00
2024-12-30 04:00:00,Hanoi,VN,Asia/Ho_Chi_Minh,195,253.3,13.0,63.0,90.0,89.0,76.0,2024-12-29T21:00:00
2024-12-30 05:00:00,Hanoi,VN,Asia/Ho_Chi_Minh,197,261.1,14.3,59.0,91.7,91.0,76.7,2024-12-29T22:00:00
2024-12-30 06:00:00,Hanoi,VN,Asia/Ho_Chi_Minh,200,268.8,15.7,55.0,93.3,93.0,77.3,2024-12-29T23:00:00
2024-12-30 07:00:00,Hanoi,VN,Asia/Ho_Chi_Minh,203,276.6,17.0,51.0,95.0,95.0,78.0,2024-12-30T00:00:00
2024-12-30 08:00:00,Hanoi,VN,Asia/Ho_Chi_Minh,190,249.4,16.0,68.7,86.0,85.67,87.0,2024-12-30T01:00:00
2024-12-30 09:00:00,Hanoi,VN,Asia/Ho_Chi_Minh,178,222.2,15.0,86.3,77.0,76.33,96.0,2024-12-30T02:00:00
2024-12-30 10:00:00,Hanoi,VN,Asia/Ho_Chi_Minh,165,194.9,14.0,104.0,68.0,67.0,105.0,2024-12-30T03:00:00
2024-12-30 11:00:00,Hanoi,VN,Asia/Ho_Chi_Minh,160,185.0,14.0,104.7,64.3,63.0,97.0,2024-12-30T04:00:00
2024-12-30 12:00:00,Hanoi,VN,Asia/Ho_Chi_Minh,155,175.1,14.0,105.3,60.7,59.0,89.0,2024-12-30T05:00:00
2024-12-30 13:00:00,Hanoi,VN,Asia/Ho_Chi_Minh,153,165.2,14.0,106.0,57.0,55.0,81.0,2024-12-30T06:00:00
2024-12-30 14:00:00,Hanoi,VN,Asia/Ho_Chi_Minh,180,412.4,14.3,77.5,88.0,77.67,62.7,2024-12-30T07:00:00
2024-12-30 15:00:00,Hanoi,VN,Asia/Ho_Chi_Minh,248,806.0,8.0,18.4,158.0,129.0,26.0,2024-12-30T08:00:00
2024-12-30 16:00:00,Hanoi,VN,Asia/Ho_Chi_Minh,240,907.0,15.0,20.5,150.0,123.0,26.0,2024-12-30T09:00:00
2024-12-30 17:00:00,Hanoi,VN,Asia/Ho_Chi_Minh,237,1109.0,8.0,11.9,142.0,121.0,32.0,2024-12-30T10:00:00
2024-12-30 18:00:00,Hanoi,VN,Asia/Ho_Chi_Minh,236,1243.0,15.0,10.5,142.0,120.33,30.0,2024-12-30T11:00:00
2024-12-30 19:00:00,Hanoi,VN,Asia/Ho_Chi_Minh,235,1411.0,15.0,5.4,138.0,119.0,32.0,2024-12-30T12:00:00
2024-12-30 20:00:00,Hanoi,VN,Asia/Ho_Chi_Minh,235,1310.0,15.0,5.4,140.0,119.0,32.0,2024-12-30T13:00:00
2024-12-30 21:00:00,Hanoi,VN,Asia/Ho_Chi_Minh,151,1008.0,8.0,5.4,180.0,151.0,32.0,2024-12-30T14:00:00
2024-12-30 22:00:00,Hanoi,VN,Asia/Ho_Chi_Minh,164,806.0,15.0,7.6,200.0,164.0,32.0,2024-12-30T15:00:00
2024-12-30 23:00:00,Hanoi,VN,Asia/Ho_Chi_Minh,166,806.0,15.0,3.2,204.0,166.0,32.0,2024-12-30T16:00:00
2024-12-31 00:00:00,Hanoi,VN,Asia/Ho_Chi_Minh,192,404.8,12.3,50.5,98.7,86.67,99.3,2024-12-30T17:00:00
2024-12-31 00:00:00,Hanoi,VN,Asia/Ho_Chi_Minh,256,601.7,14.3,26.5,161.0,135.33,67.3,2024-12-30T17:00:00
2024-12-31 01:00:00,Hanoi,VN,Asia/Ho_Chi_Minh,166,806.0,15.0,3.2,204.0,166.0,32.0,2024-12-30T18:00:00
2024-12-31 02:00:00,Hanoi,VN,Asia/Ho_Chi_Minh,166,806.0,15.0,3.2,204.0,166.0,32.0,2024-12-30T19:00:00
2024-12-31 03:00:00,Hanoi,VN,Asia/Ho_Chi_Minh,198,407.6,11.0,47.7,104.0,91.33,90.0,2024-12-30T20:00:00
2024-12-31 04:00:00,Hanoi,VN,Asia/Ho_Chi_Minh,150,208.3,9.0,70.0,54.0,54.0,119.0,2024-12-30T21:00:00
2024-12-31 05:00:00,Hanoi,VN,Asia/Ho_Chi_Minh,151,215.9,9.0,70.0,56.3,56.33,121.0,2024-12-30T22:00:00
2024-12-31 06:00:00,Hanoi,VN,Asia/Ho_Chi_Minh,154,223.5,9.0,70.0,58.7,58.67,123.0,2024-12-30T23:00:00
2024-12-31 07:00:00,Hanoi,VN,Asia/Ho_Chi_Minh,157,231.1,9.0,70.0,61.0,61.0,125.0,2024-12-31T00:00:00
2024-12-31 08:00:00,Hanoi,VN,Asia/Ho_Chi_Minh,203,806.0,15.0,8.6,126.0,95.0,32.0,2024-12-31T01:00:00
2024-12-31 09:00:00,Hanoi,VN,Asia/Ho_Chi_Minh,184,706.0,15.0,11.9,116.0,81.0,32.0,2024-12-31T02:00:00
2024-12-31 10:00:00,Hanoi,VN,Asia/Ho_Chi_Minh,161,221.2,7.0,91.0,64.0,64.0,135.0,2024-12-31T03:00:00
2024-12-31 11:00:00,Hanoi,VN,Asia/Ho_Chi_Minh,161,209.9,6.3,106.0,64.3,64.0,129.7,2024-12-31T04:00:00
2024-12-31 12:00:00,Hanoi,VN,Asia/Ho_Chi_Minh,161,198.6,5.7,121.0,64.7,64.0,124.3,2024-12-31T05:00:00
2024-12-31 13:00:00,Hanoi,VN,Asia/Ho_Chi_Minh,161,187.3,5.0,136.0,65.0,64.0,119.0,2024-12-31T06:00:00
2024-12-31 14:00:00,Hanoi,VN,Asia/Ho_Chi_Minh,181,605.0,15.0,24.9,104.0,79.0,26.0,2024-12-31T07:00:00
2024-12-31 15:00:00,Hanoi,VN,Asia/Ho_Chi_Minh,173,605.0,15.0,27.0,100.0,73.0,26.0,2024-12-31T08:00:00
2024-12-31 16:00:00,Hanoi,VN,Asia/Ho_Chi_Minh,165,806.0,8.0,15.1,94.0,67.0,26.0,2024-12-31T09:00:00
2024-12-31 17:00:00,Hanoi,VN,Asia/Ho_Chi_Minh,183,1310.0,10.3,10.8,108.0,80.33,28.0,2024-12-31T10:00:00
2024-12-31 18:00:00,Hanoi,VN,Asia/Ho_Chi_Minh,168,1109.0,15.0,10.8,96.0,69.0,32.0,2024-12-31T11:00:00
2024-12-31 19:00:00,Hanoi,VN,Asia/Ho_Chi_Minh,219,2318.0,15.0,2.2,136.0,107.0,32.0,2024-12-31T12:00:00
2024-12-31 20:00:00,Hanoi,VN,Asia/Ho_Chi_Minh,155,1613.0,8.0,2.2,174.0,155.0,32.0,2024-12-31T13:00:00
2024-12-31 21:00:00,Hanoi,VN,Asia/Ho_Chi_Minh,155,1613.0,8.0,2.2,174.0,155.0,32.0,2024-12-31T14:00:00
2024-12-31 22:00:00,Hanoi,VN,Asia/Ho_Chi_Minh,155,1613.0,8.0,2.2,174.0,155.0,32.0,2024-12-31T15:00:00
2024-12-31 23:00:00,Hanoi,VN,Asia/Ho_Chi_Minh,264,1214.0,17.7,8.1,153.7,141.0,56.7,2024-12-31T16:00:00
2025-01-01 00:00:00,Hanoi,VN,Asia/Ho_Chi_Minh,155,1613.0,8.0,2.2,174.0,155.0,32.0,2024-12-31T17:00:00
